"","Name","Ask","Bid","Date"
"1","Agilent Technologies, Inc. Comm","N/A","N/A","Tue Nov 15 06:42:36 2016"
"2","Alcoa Corporation Common Stock ","N/A","N/A","Tue Nov 15 06:42:36 2016"
"5","AAC Holdings, Inc. Common Stock","N/A","N/A","Tue Nov 15 06:42:36 2016"
"6","Aaron's, Inc. Common Stock","N/A","N/A","Tue Nov 15 06:42:36 2016"
"7","Antero Midstream Partners LP Co","N/A","N/A","Tue Nov 15 06:42:36 2016"
"8","Amber Road, Inc. Common Stock","N/A","N/A","Tue Nov 15 06:42:36 2016"
"9","AMC Entertainment Holdings, Inc","N/A","N/A","Tue Nov 15 06:42:36 2016"
"10","AMETEK, Inc.","N/A","N/A","Tue Nov 15 06:42:36 2016"
"11","AMEC Foster Wheeler plc America","N/A","N/A","Tue Nov 15 06:42:36 2016"
"12","Affiliated Managers Group, Inc.","N/A","N/A","Tue Nov 15 06:42:36 2016"
"13","American Homes 4 Rent Common Sh","N/A","N/A","Tue Nov 15 06:42:36 2016"
"19","American Midstream Partners, LP","N/A","N/A","Tue Nov 15 06:42:36 2016"
"20","AMN Healthcare Services Inc AMN","N/A","N/A","Tue Nov 15 06:42:36 2016"
"21","Ameriprise Financial, Inc. Comm","N/A","N/A","Tue Nov 15 06:42:36 2016"
"22","Ameresco, Inc. Class A Common S","N/A","N/A","Tue Nov 15 06:42:36 2016"
"23","American Tower Corporation (REI","N/A","N/A","Tue Nov 15 06:42:36 2016"
"26","America Movil, S.A.B. de C.V. A","N/A","N/A","Tue Nov 15 06:42:36 2016"
"27","AutoNation, Inc. Common Stock","N/A","N/A","Tue Nov 15 06:42:36 2016"
"28","Arista Networks, Inc. Common St","N/A","N/A","Tue Nov 15 06:42:36 2016"
"29","Abercrombie & Fitch Company Com","N/A","N/A","Tue Nov 15 06:42:36 2016"
"30","Amira Nature Foods Ltd Ordinary","N/A","N/A","Tue Nov 15 06:42:36 2016"
"31","Anworth Mortgage Asset Corporat","N/A","N/A","Tue Nov 15 06:42:36 2016"
"35","Anthem, Inc. Common Stock","N/A","N/A","Tue Nov 15 06:42:36 2016"
"36","Anthem, Inc. Corporate Units","N/A","N/A","Tue Nov 15 06:42:36 2016"
"37","Aegean Marine Petroleum Network","N/A","N/A","Tue Nov 15 06:42:36 2016"
"38","Alpine Total Dynamic Dividend F","N/A","N/A","Tue Nov 15 06:42:36 2016"
"39","Alliance One International, Inc","N/A","N/A","Tue Nov 15 06:42:36 2016"
"40","Aon plc Class A Ordinary Shares","N/A","N/A","Tue Nov 15 06:42:36 2016"
"41","A.O. Smith Corporation Common S","N/A","N/A","Tue Nov 15 06:42:36 2016"
"42","Ampco-Pittsburgh Corporation Co","N/A","N/A","Tue Nov 15 06:42:36 2016"
"43","Apache Corporation Common Stock","N/A","N/A","Tue Nov 15 06:42:36 2016"
"44","Artisan Partners Asset Manageme","N/A","N/A","Tue Nov 15 06:42:36 2016"
"45","Asia Pacific Fund, Inc. (The)","N/A","N/A","Tue Nov 15 06:42:36 2016"
"46","Anadarko Petroleum Corporation ","N/A","N/A","Tue Nov 15 06:42:36 2016"
"47","Air Products and Chemicals, Inc","N/A","N/A","Tue Nov 15 06:42:36 2016"
"48","Morgan Stanley Asia-Pacific Fun","N/A","N/A","Tue Nov 15 06:42:36 2016"
"49","AdvancePierre Foods Holdings, I","N/A","N/A","Tue Nov 15 06:42:36 2016"
"50","Amphenol Corporation Common Sto","N/A","N/A","Tue Nov 15 06:42:36 2016"
"51","Apple Hospitality REIT, Inc. Co","N/A","N/A","Tue Nov 15 06:42:36 2016"
"52","Apollo Global Management, LLC C","N/A","N/A","Tue Nov 15 06:42:36 2016"
"53","Preferred Apartment Communities","N/A","N/A","Tue Nov 15 06:42:36 2016"
"54","AmeriGas Partners, L.P. Common ","N/A","N/A","Tue Nov 15 06:42:36 2016"
"55","Antero Resources Corporation Co","N/A","N/A","Tue Nov 15 06:42:36 2016"
"56","American Renal Associates Holdi","N/A","N/A","Tue Nov 15 06:42:36 2016"
"57","ARC Document Solutions, Inc. Co","N/A","N/A","Tue Nov 15 06:42:36 2016"
"58","Arch Coal, Inc. Class A Common ","N/A","N/A","Tue Nov 15 06:42:36 2016"
"59","Arcos Dorados Holdings Inc. Cla","N/A","N/A","Tue Nov 15 06:42:36 2016"
"60","Arc Logistic Partners LP Common","N/A","N/A","Tue Nov 15 06:42:36 2016"
"61","Ares Dynamic Credit Allocation ","N/A","N/A","Tue Nov 15 06:42:36 2016"
"62","Alexandria Real Estate Equities","N/A","N/A","Tue Nov 15 06:42:36 2016"
"66","Ares Management L.P. Common Uni","N/A","N/A","Tue Nov 15 06:42:36 2016"
"68","Apollo Commercial Real Estate F","N/A","N/A","Tue Nov 15 06:42:36 2016"
"71","American Realty Investors, Inc.","N/A","N/A","Tue Nov 15 06:42:36 2016"
"72","Aramark Common Stock","N/A","N/A","Tue Nov 15 06:42:36 2016"
"73","Arconic Inc. Common Stock","N/A","N/A","Tue Nov 15 06:42:36 2016"
"74","Archrock, Inc. Common Stock","N/A","N/A","Tue Nov 15 06:42:36 2016"
"75","ARMOUR Residential REIT, Inc.","N/A","N/A","Tue Nov 15 06:42:36 2016"
"78","Ares Capital Corporation 5.875%","N/A","N/A","Tue Nov 15 06:42:36 2016"
"79","Arrow Electronics, Inc. Common ","N/A","N/A","Tue Nov 15 06:42:36 2016"
"80","ASA  Gold and Precious Metals L","N/A","N/A","Tue Nov 15 06:42:36 2016"
"81","Associated Banc-Corp Common Sto","N/A","N/A","Tue Nov 15 06:42:36 2016"
"84","Ardmore Shipping Corporation Co","N/A","N/A","Tue Nov 15 06:42:36 2016"
"85","Liberty All-Star Growth Fund, I","N/A","N/A","Tue Nov 15 06:42:36 2016"
"86","On Assignment, Inc. Common Stoc","N/A","N/A","Tue Nov 15 06:42:36 2016"
"87","Ashland Global Holdings Inc. Co","N/A","N/A","Tue Nov 15 06:42:36 2016"
"88","AdvanSix Inc. Common Stock ","N/A","N/A","Tue Nov 15 06:42:36 2016"
"89","Aspen Aerogels, Inc. Common Sto","N/A","N/A","Tue Nov 15 06:42:36 2016"
"90","Grupo Aeroportuario del Sureste","N/A","N/A","Tue Nov 15 06:42:36 2016"
"91","Advanced Semiconductor Engineer","N/A","N/A","Tue Nov 15 06:42:36 2016"
"92","Atlantic Power Corporation Ordi","N/A","N/A","Tue Nov 15 06:42:36 2016"
"93","A10 Networks, Inc. Common Stock","N/A","N/A","Tue Nov 15 06:42:36 2016"
"94","Autohome Inc. American Deposita","N/A","N/A","Tue Nov 15 06:42:36 2016"
"95","Allegheny Technologies Incorpor","N/A","N/A","Tue Nov 15 06:42:36 2016"
"96","Atkore International Group Inc.","N/A","N/A","Tue Nov 15 06:42:36 2016"
"97","Atmos Energy Corporation Common","N/A","N/A","Tue Nov 15 06:42:36 2016"
"98","AptarGroup, Inc. Common Stock","N/A","N/A","Tue Nov 15 06:42:36 2016"
"99","Atento S.A. Ordinary Shares","N/A","N/A","Tue Nov 15 06:42:36 2016"
"100","Actuant Corporation Common Stoc","N/A","N/A","Tue Nov 15 06:42:36 2016"
"101","Acorn International, Inc. ADS","N/A","N/A","Tue Nov 15 06:42:36 2016"
"102","Atwood Oceanics, Inc. Common St","N/A","N/A","Tue Nov 15 06:42:36 2016"
"103","AngloGold Ashanti Limited Commo","N/A","N/A","Tue Nov 15 06:42:36 2016"
"104","AU Optronics Corp American Depo","N/A","N/A","Tue Nov 15 06:42:36 2016"
"105","Yamana Gold Inc. Ordinary Share","N/A","N/A","Tue Nov 15 06:42:36 2016"
"106","Aviva plc Unsponsored ADR (UK)","N/A","N/A","Tue Nov 15 06:42:36 2016"
"107","Avista Corporation Common Stock","N/A","N/A","Tue Nov 15 06:42:36 2016"
"108","Grupo Aval Acciones y Valores S","N/A","N/A","Tue Nov 15 06:42:36 2016"
"109","AvalonBay Communities, Inc. Com","N/A","N/A","Tue Nov 15 06:42:36 2016"
"110","American Vanguard Corporation C","N/A","N/A","Tue Nov 15 06:42:36 2016"
"111","AVG Technologies N.V. Ordinary ","N/A","N/A","Tue Nov 15 06:42:36 2016"
"112","Avianca Holdings S.A. American ","N/A","N/A","Tue Nov 15 06:42:36 2016"
"113","Advent Claymore Convertible Sec","N/A","N/A","Tue Nov 15 06:42:36 2016"
"114","Avon Products, Inc. Common Stoc","N/A","N/A","Tue Nov 15 06:42:36 2016"
"115","Avnet, Inc. Common Stock","N/A","N/A","Tue Nov 15 06:42:36 2016"
"116","Aviva plc Subordinated Capital ","N/A","N/A","Tue Nov 15 06:42:36 2016"
"117","AVX Corporation Common Stock","N/A","N/A","Tue Nov 15 06:42:36 2016"
"118","Avery Dennison Corporation Comm","N/A","N/A","Tue Nov 15 06:42:36 2016"
"119","Alliancebernstein Global High I","N/A","N/A","Tue Nov 15 06:42:36 2016"
"120","Allied World Assurance Company ","N/A","N/A","Tue Nov 15 06:42:36 2016"
"121","Armstrong World Industries Inc ","N/A","N/A","Tue Nov 15 06:42:36 2016"
"122","American Water Works Company, I","N/A","N/A","Tue Nov 15 06:42:36 2016"
"123","Alpine Global Premier Propertie","N/A","N/A","Tue Nov 15 06:42:36 2016"
"124","American States Water Company C","N/A","N/A","Tue Nov 15 06:42:36 2016"
"125","Anixter International Inc. Comm","N/A","N/A","Tue Nov 15 06:42:36 2016"
"126","American Axle & Manufacturing H","N/A","N/A","Tue Nov 15 06:42:36 2016"
"127","Axovant Sciences Ltd. Common Sh","N/A","N/A","Tue Nov 15 06:42:36 2016"
"128","American Express Company Common","N/A","N/A","Tue Nov 15 06:42:36 2016"
"129","AMREP Corporation Common Stock","N/A","N/A","Tue Nov 15 06:42:36 2016"
"130","Axis Capital Holdings Limited C","N/A","N/A","Tue Nov 15 06:42:36 2016"
"133","Axalta Coating Systems Ltd. Com","N/A","N/A","Tue Nov 15 06:42:36 2016"
"134","Acuity Brands Inc (Holding Comp","N/A","N/A","Tue Nov 15 06:42:36 2016"
"135","Aircastle Limited Common Stock","N/A","N/A","Tue Nov 15 06:42:36 2016"
"136","Astrazeneca PLC Common Stock","N/A","N/A","Tue Nov 15 06:42:36 2016"
"137","AutoZone, Inc. Common Stock","N/A","N/A","Tue Nov 15 06:42:36 2016"
"138","Azure Power Global Limited Equi","N/A","N/A","Tue Nov 15 06:42:36 2016"
"139","AZZ Inc.","N/A","N/A","Tue Nov 15 06:42:36 2016"
"140","Barnes Group, Inc. Common Stock","N/A","N/A","Tue Nov 15 06:42:36 2016"
"141","Boeing Company (The) Common Sto","N/A","N/A","Tue Nov 15 06:42:36 2016"
"142","Alibaba Group Holding Limited A","N/A","N/A","Tue Nov 15 06:42:36 2016"
"143","Bank of America Corporation Com","N/A","N/A","Tue Nov 15 06:42:36 2016"
"154","BlackRock Municipal Income Inve","N/A","N/A","Tue Nov 15 06:42:36 2016"
"155","Booz Allen Hamilton Holding Cor","N/A","N/A","Tue Nov 15 06:42:36 2016"
"156","Braskem SA ADR","N/A","N/A","Tue Nov 15 06:42:36 2016"
"157","Brookfield Asset Management Inc","N/A","N/A","Tue Nov 15 06:42:36 2016"
"161","Banc of California, Inc. Common","N/A","N/A","Tue Nov 15 06:42:36 2016"
"162","Credicorp Ltd. Common Stock","N/A","N/A","Tue Nov 15 06:42:36 2016"
"163","Basic Energy Services, Inc. Com","N/A","N/A","Tue Nov 15 06:42:36 2016"
"164","Baxter International Inc. Commo","N/A","N/A","Tue Nov 15 06:42:36 2016"
"165","Banco Bradesco Sa American Depo","N/A","N/A","Tue Nov 15 06:42:36 2016"
"166","Banco Bradesco Sa American Depo","N/A","N/A","Tue Nov 15 06:42:36 2016"
"167","BlackRock Municipal Income Inve","N/A","N/A","Tue Nov 15 06:42:36 2016"
"168","Bill Barrett Corporation Common","N/A","N/A","Tue Nov 15 06:42:36 2016"
"169","Blackrock Municipal Bond Trust","N/A","N/A","Tue Nov 15 06:42:36 2016"
"170","BHP Billiton plc Sponsored ADR","N/A","N/A","Tue Nov 15 06:42:36 2016"
"171","BlackRock Taxable Municipal Bon","N/A","N/A","Tue Nov 15 06:42:36 2016"
"172","BB&T Corporation Common Stock","N/A","N/A","Tue Nov 15 06:42:36 2016"
"178","Brookfield Business Partners L.","N/A","N/A","Tue Nov 15 06:42:36 2016"
"179","Banco Bilbao Vizcaya Argentaria","N/A","N/A","Tue Nov 15 06:42:36 2016"
"180","Build-A-Bear Workshop, Inc. Com","N/A","N/A","Tue Nov 15 06:42:36 2016"
"181","BBX Capital Corporation Common ","N/A","N/A","Tue Nov 15 06:42:36 2016"
"182","Best Buy Co., Inc. Common Stock","N/A","N/A","Tue Nov 15 06:42:36 2016"
"183","Brunswick Corporation Common St","N/A","N/A","Tue Nov 15 06:42:36 2016"
"184","Boise Cascade, L.L.C. Common St","N/A","N/A","Tue Nov 15 06:42:36 2016"
"185","BCE, Inc. Common Stock","N/A","N/A","Tue Nov 15 06:42:36 2016"
"186","Bonanza Creek Energy, Inc. Comm","N/A","N/A","Tue Nov 15 06:42:36 2016"
"187","Banco De Chile Banco De Chile A","N/A","N/A","Tue Nov 15 06:42:36 2016"
"188","Brinks Company (The) Common Sto","N/A","N/A","Tue Nov 15 06:42:36 2016"
"189","Boulder Growth & Income Fund, I","N/A","N/A","Tue Nov 15 06:42:36 2016"
"190","Big Lots, Inc. Common Stock","N/A","N/A","Tue Nov 15 06:42:36 2016"
"191","Bio-Rad Laboratories, Inc. Clas","N/A","N/A","Tue Nov 15 06:42:36 2016"
"194","BioAmber Inc. Common Stock","N/A","N/A","Tue Nov 15 06:42:36 2016"
"195","Brookfield Infrastructure Partn","N/A","N/A","Tue Nov 15 06:42:36 2016"
"196","BlackRock Multi-Sector Income T","N/A","N/A","Tue Nov 15 06:42:36 2016"
"197","Bitauto Holdings Limited Americ","N/A","N/A","Tue Nov 15 06:42:36 2016"
"198","Blackrock California Municipal ","N/A","N/A","Tue Nov 15 06:42:36 2016"
"199","Bank of New York Mellon Corpora","N/A","N/A","Tue Nov 15 06:42:36 2016"
"201","Brookdale Senior Living Inc. Co","N/A","N/A","Tue Nov 15 06:42:36 2016"
"202","Buckle, Inc. (The) Common Stock","N/A","N/A","Tue Nov 15 06:42:36 2016"
"203","Black Knight Financial Services","N/A","N/A","Tue Nov 15 06:42:36 2016"
"204","Black Hills Corporation Common ","N/A","N/A","Tue Nov 15 06:42:36 2016"
"205","Black Hills Corporation Corpora","N/A","N/A","Tue Nov 15 06:42:36 2016"
"206","Blackrock Municipal 2020 Term T","N/A","N/A","Tue Nov 15 06:42:36 2016"
"207","BlackRock Investment Quality Mu","N/A","N/A","Tue Nov 15 06:42:36 2016"
"208","Barnes & Noble, Inc. Common Sto","N/A","N/A","Tue Nov 15 06:42:36 2016"
"209","BlackRock Income Trust Inc. (Th","N/A","N/A","Tue Nov 15 06:42:36 2016"
"210","BankUnited, Inc. Common Stock","N/A","N/A","Tue Nov 15 06:42:36 2016"
"211","TopBuild Corp. Common Stock","N/A","N/A","Tue Nov 15 06:42:36 2016"
"212","Blackrock New York Municipal 20","N/A","N/A","Tue Nov 15 06:42:36 2016"
"213","BlackRock, Inc. Common Stock","N/A","N/A","Tue Nov 15 06:42:36 2016"
"214","Ball Corporation Common Stock","N/A","N/A","Tue Nov 15 06:42:36 2016"
"215","Infoblox Inc. Common Stock","N/A","N/A","Tue Nov 15 06:42:36 2016"
"216","Blackrock Limited Duration Inco","N/A","N/A","Tue Nov 15 06:42:36 2016"
"217","Banco Latinoamericano de Comerc","N/A","N/A","Tue Nov 15 06:42:36 2016"
"218","Banco Macro S.A.  ADR (represen","N/A","N/A","Tue Nov 15 06:42:36 2016"
"219","Blackrock Health Sciences Trust","N/A","N/A","Tue Nov 15 06:42:36 2016"
"220","Badger Meter, Inc. Common Stock","N/A","N/A","Tue Nov 15 06:42:36 2016"
"226","Bank Of Montreal Common Stock","N/A","N/A","Tue Nov 15 06:42:36 2016"
"227","Bemis Company, Inc. Common Stoc","N/A","N/A","Tue Nov 15 06:42:36 2016"
"228","Bristol-Myers Squibb Company Co","N/A","N/A","Tue Nov 15 06:42:36 2016"
"229","Barnes & Noble Education, Inc C","N/A","N/A","Tue Nov 15 06:42:36 2016"
"230","BlackRock New Jersey Municipal ","N/A","N/A","Tue Nov 15 06:42:36 2016"
"231","Bank Nova Scotia Halifax Pfd 3 ","N/A","N/A","Tue Nov 15 06:42:36 2016"
"232","BlackRock New York Municipal In","N/A","N/A","Tue Nov 15 06:42:36 2016"
"233","Blackrock Global Blackrock Glob","N/A","N/A","Tue Nov 15 06:42:36 2016"
"234","Bank of Hawaii Corporation Comm","N/A","N/A","Tue Nov 15 06:42:36 2016"
"235","Brookfield Mortgage Opportunity","N/A","N/A","Tue Nov 15 06:42:36 2016"
"236","Boot Barn Holdings, Inc. Common","N/A","N/A","Tue Nov 15 06:42:36 2016"
"237","China New Borun Corporation Ame","N/A","N/A","Tue Nov 15 06:42:36 2016"
"238","Box, Inc. Class A Common Stock","N/A","N/A","Tue Nov 15 06:42:36 2016"
"239","Brookfield Canada Office Proper","N/A","N/A","Tue Nov 15 06:42:36 2016"
"240","BP p.l.c. Common Stock","N/A","N/A","Tue Nov 15 06:42:36 2016"
"241","Bridgepoint Education, Inc.","N/A","N/A","Tue Nov 15 06:42:36 2016"
"242","Blackrock Municipal 2018 Term T","N/A","N/A","Tue Nov 15 06:42:36 2016"
"243","Buckeye Partners L.P. Common St","N/A","N/A","Tue Nov 15 06:42:36 2016"
"244","BP Prudhoe Bay Royalty Trust Co","N/A","N/A","Tue Nov 15 06:42:36 2016"
"245","Brookfield Property Partners L.","N/A","N/A","Tue Nov 15 06:42:36 2016"
"246","Blackrock New York Municipal Bo","N/A","N/A","Tue Nov 15 06:42:36 2016"
"247","Broadridge Financial Solutions,","N/A","N/A","Tue Nov 15 06:42:36 2016"
"248","Brady Corporation Common Stock","N/A","N/A","Tue Nov 15 06:42:36 2016"
"249","BRF S.A.","N/A","N/A","Tue Nov 15 06:42:36 2016"
"252","Brown & Brown, Inc. Common Stoc","N/A","N/A","Tue Nov 15 06:42:36 2016"
"253","Bristow Group Inc. Common Stock","N/A","N/A","Tue Nov 15 06:42:36 2016"
"254","Global Brass and Copper Holding","N/A","N/A","Tue Nov 15 06:42:36 2016"
"255","BRT Realty Trust Common Stock","N/A","N/A","Tue Nov 15 06:42:36 2016"
"256","Brixmor Property Group Inc. Com","N/A","N/A","Tue Nov 15 06:42:36 2016"
"257","Banco Santander - Chile ADS","N/A","N/A","Tue Nov 15 06:42:36 2016"
"258","Banco Santander Brasil SA Ameri","N/A","N/A","Tue Nov 15 06:42:36 2016"
"259","BlackRock Strategic Municipal T","N/A","N/A","Tue Nov 15 06:42:36 2016"
"260","Blackrock New York Municipal In","N/A","N/A","Tue Nov 15 06:42:36 2016"
"261","Blackstone GSO Senior Floating ","N/A","N/A","Tue Nov 15 06:42:36 2016"
"262","Black Stone Minerals, L.P. Comm","N/A","N/A","Tue Nov 15 06:42:36 2016"
"263","Grupo Financiero Santander Mexi","N/A","N/A","Tue Nov 15 06:42:36 2016"
"264","BlackRock Science and Technolog","N/A","N/A","Tue Nov 15 06:42:36 2016"
"265","Boston Scientific Corporation C","N/A","N/A","Tue Nov 15 06:42:36 2016"
"266","BT Group plc American Depositar","N/A","N/A","Tue Nov 15 06:42:36 2016"
"267","BlackRock Long-Term Municipal A","N/A","N/A","Tue Nov 15 06:42:36 2016"
"268","Baytex Energy Corp","N/A","N/A","Tue Nov 15 06:42:36 2016"
"269","John Hancock Financial Opportun","N/A","N/A","Tue Nov 15 06:42:36 2016"
"270","BlackRock Municipal 2030 Target","N/A","N/A","Tue Nov 15 06:42:36 2016"
"271","BlackRock Credit Allocation Inc","N/A","N/A","Tue Nov 15 06:42:36 2016"
"272","Anheuser-Busch Inbev SA Sponsor","N/A","N/A","Tue Nov 15 06:42:36 2016"
"273","BlackRock Utility and Infrastru","N/A","N/A","Tue Nov 15 06:42:36 2016"
"274","Burlington Stores, Inc. Common ","N/A","N/A","Tue Nov 15 06:42:36 2016"
"275","Buenaventura Mining Company Inc","N/A","N/A","Tue Nov 15 06:42:36 2016"
"276","Babcock & Wilcox Enterprises, I","N/A","N/A","Tue Nov 15 06:42:36 2016"
"277","BorgWarner Inc. Common Stock","N/A","N/A","Tue Nov 15 06:42:36 2016"
"278","Legg Mason BW Global Income Opp","N/A","N/A","Tue Nov 15 06:42:36 2016"
"279","Boardwalk Pipeline Partners LP ","N/A","N/A","Tue Nov 15 06:42:36 2016"
"280","BWX Technologies, Inc. Common S","N/A","N/A","Tue Nov 15 06:42:36 2016"
"281","The Blackstone Group L.P. Commo","N/A","N/A","Tue Nov 15 06:42:36 2016"
"282","Bluelinx Holdings Inc. Common S","N/A","N/A","Tue Nov 15 06:42:36 2016"
"283","Bellatrix Exploration Ltd Ordin","N/A","N/A","Tue Nov 15 06:42:36 2016"
"284","Blackstone Mortgage Trust, Inc.","N/A","N/A","Tue Nov 15 06:42:36 2016"
"285","Nuveen S&P 500 Buy-Write Income","N/A","N/A","Tue Nov 15 06:42:36 2016"
"286","Boston Properties, Inc. Common ","N/A","N/A","Tue Nov 15 06:42:36 2016"
"288","BancorpSouth, Inc. Common Stock","N/A","N/A","Tue Nov 15 06:42:36 2016"
"289","Boyd Gaming Corporation Common ","N/A","N/A","Tue Nov 15 06:42:36 2016"
"290","Blackrock Municipal Income Qual","N/A","N/A","Tue Nov 15 06:42:36 2016"
"291","Beazer Homes USA, Inc. Common S","N/A","N/A","Tue Nov 15 06:42:36 2016"
"292","Citigroup, Inc. Common Stock","N/A","N/A","Tue Nov 15 06:42:36 2016"
"301","CalAtlantic Group, Inc. Common ","N/A","N/A","Tue Nov 15 06:42:36 2016"
"302","Cabela's Inc Class A Common Sto","N/A","N/A","Tue Nov 15 06:42:36 2016"
"304","Chesapeake Lodging Trust Common","N/A","N/A","Tue Nov 15 06:42:36 2016"
"305","Chunghwa Telecom Co., Ltd.","N/A","N/A","Tue Nov 15 06:42:36 2016"
"306","China Unicom (Hong Kong) Ltd Co","N/A","N/A","Tue Nov 15 06:42:36 2016"
"307","Cigna Corporation Common Stock","N/A","N/A","Tue Nov 15 06:42:36 2016"
"308","Citizens, Inc. Class A Common S","N/A","N/A","Tue Nov 15 06:42:36 2016"
"309","BanColombia S.A. Common Stock","N/A","N/A","Tue Nov 15 06:42:36 2016"
"310","Cobalt International Energy, In","N/A","N/A","Tue Nov 15 06:42:36 2016"
"311","Ciena Corporation Common Stock","N/A","N/A","Tue Nov 15 06:42:36 2016"
"312","MFS Intermediate High Income Fu","N/A","N/A","Tue Nov 15 06:42:36 2016"
"313","Comp En De Mn Cemig ADS America","N/A","N/A","Tue Nov 15 06:42:36 2016"
"315","Blackrock Capital and Income Fu","N/A","N/A","Tue Nov 15 06:42:36 2016"
"316","Chimera Investment Corporation ","N/A","N/A","Tue Nov 15 06:42:36 2016"
"318","Ciner Resources LP Common Units","N/A","N/A","Tue Nov 15 06:42:36 2016"
"319","City Office REIT, Inc. Common S","N/A","N/A","Tue Nov 15 06:42:36 2016"
"321","CIRCOR International, Inc. Comm","N/A","N/A","Tue Nov 15 06:42:36 2016"
"322","CIT Group Inc (DEL) Common Stoc","N/A","N/A","Tue Nov 15 06:42:36 2016"
"323","Civitas Solutions, Inc. Common ","N/A","N/A","Tue Nov 15 06:42:36 2016"
"324","SEACOR Holdings Inc. Common Sto","N/A","N/A","Tue Nov 15 06:42:36 2016"
"325","Colgate-Palmolive Company Commo","N/A","N/A","Tue Nov 15 06:42:36 2016"
"326","Capitala Finance Corp. 7.125% N","N/A","N/A","Tue Nov 15 06:42:36 2016"
"327","Core Laboratories N.V. Common S","N/A","N/A","Tue Nov 15 06:42:36 2016"
"328","CLARCOR Inc. Common Stock","N/A","N/A","Tue Nov 15 06:42:36 2016"
"329","Cloud Peak Energy Inc Common St","N/A","N/A","Tue Nov 15 06:42:36 2016"
"330","Chatham Lodging Trust (REIT) Co","N/A","N/A","Tue Nov 15 06:42:36 2016"
"331","Cliffs Natural Resources Inc Co","N/A","N/A","Tue Nov 15 06:42:36 2016"
"332","CoreLogic, Inc. Common Stock","N/A","N/A","Tue Nov 15 06:42:36 2016"
"333","Clean Harbors, Inc. Common Stoc","N/A","N/A","Tue Nov 15 06:42:36 2016"
"334","Mack-Cali Realty Corporation Co","N/A","N/A","Tue Nov 15 06:42:36 2016"
"338","Colony Capital, Inc. Class A Co","N/A","N/A","Tue Nov 15 06:42:36 2016"
"339","Continental Resources, Inc. Com","N/A","N/A","Tue Nov 15 06:42:36 2016"
"340","Celestica, Inc. Common Stock","N/A","N/A","Tue Nov 15 06:42:36 2016"
"341","Clearwater Paper Corporation Co","N/A","N/A","Tue Nov 15 06:42:36 2016"
"342","Clorox Company (The) Common Sto","N/A","N/A","Tue Nov 15 06:42:36 2016"
"343","Canadian Imperial Bank of Comme","N/A","N/A","Tue Nov 15 06:42:36 2016"
"344","Comerica Incorporated Common St","N/A","N/A","Tue Nov 15 06:42:36 2016"
"346","Commercial Metals Company Commo","N/A","N/A","Tue Nov 15 06:42:36 2016"
"347","Cheetah Mobile Inc. American De","N/A","N/A","Tue Nov 15 06:42:36 2016"
"348","Chipotle Mexican Grill, Inc. Co","N/A","N/A","Tue Nov 15 06:42:36 2016"
"349","Cummins Inc. Common Stock","N/A","N/A","Tue Nov 15 06:42:36 2016"
"350","Cantel Medical Corp. Common Sto","N/A","N/A","Tue Nov 15 06:42:36 2016"
"351","Capstead Mortgage Corporation C","N/A","N/A","Tue Nov 15 06:42:36 2016"
"353","Compass Minerals Intl Inc Commo","N/A","N/A","Tue Nov 15 06:42:36 2016"
"357","Costamare Inc. Common Stock $0.","N/A","N/A","Tue Nov 15 06:42:36 2016"
"358","CMS Energy Corporation Common S","N/A","N/A","Tue Nov 15 06:42:36 2016"
"360","MFS Municipal Income Trust Comm","N/A","N/A","Tue Nov 15 06:42:36 2016"
"361","CNA Financial Corporation Commo","N/A","N/A","Tue Nov 15 06:42:36 2016"
"362","Centene Corporation Common Stoc","N/A","N/A","Tue Nov 15 06:42:36 2016"
"363","Cencosud S.A. American Deposita","N/A","N/A","Tue Nov 15 06:42:36 2016"
"364","CNH Industrial N.V. Common Shar","N/A","N/A","Tue Nov 15 06:42:36 2016"
"365","Canadian National Railway Compa","N/A","N/A","Tue Nov 15 06:42:36 2016"
"366","Cinemark Holdings Inc Cinemark ","N/A","N/A","Tue Nov 15 06:42:36 2016"
"367","Cone Midstream Partners LP Comm","N/A","N/A","Tue Nov 15 06:42:36 2016"
"368","CNO Financial Group, Inc. Commo","N/A","N/A","Tue Nov 15 06:42:36 2016"
"369","CenterPoint Energy, Inc (Holdin","N/A","N/A","Tue Nov 15 06:42:36 2016"
"370","Canadian Natural Resources Limi","N/A","N/A","Tue Nov 15 06:42:36 2016"
"371","Cohen & Steers Inc Common Stock","N/A","N/A","Tue Nov 15 06:42:36 2016"
"372","CONSOL Energy Inc. Common Stock","N/A","N/A","Tue Nov 15 06:42:36 2016"
"373","CNX Coal Resources LP Common Un","N/A","N/A","Tue Nov 15 06:42:36 2016"
"374","China Cord Blood Corporation Co","N/A","N/A","Tue Nov 15 06:42:36 2016"
"375","Compass Diversified Holdings Sh","N/A","N/A","Tue Nov 15 06:42:36 2016"
"376","China Online Education Group Am","N/A","N/A","Tue Nov 15 06:42:36 2016"
"377","Capital One Financial Corporati","N/A","N/A","Tue Nov 15 06:42:36 2016"
"384","Cabot Oil & Gas Corporation Com","N/A","N/A","Tue Nov 15 06:42:36 2016"
"385","Coach, Inc. Common Stock","N/A","N/A","Tue Nov 15 06:42:36 2016"
"386","Rockwell Collins, Inc. Common S","N/A","N/A","Tue Nov 15 06:42:36 2016"
"387","Cooper Companies, Inc. (The) Co","N/A","N/A","Tue Nov 15 06:42:36 2016"
"388","ConocoPhillips Common Stock","N/A","N/A","Tue Nov 15 06:42:36 2016"
"389","CoreSite Realty Corporation Com","N/A","N/A","Tue Nov 15 06:42:36 2016"
"392","CorEnergy Infrastructure Trust,","N/A","N/A","Tue Nov 15 06:42:36 2016"
"393","Cott Corporation Common Stock","N/A","N/A","Tue Nov 15 06:42:36 2016"
"394","Cotiviti Holdings, Inc. Common ","N/A","N/A","Tue Nov 15 06:42:36 2016"
"395","Coty Inc. Class A Common Stock","N/A","N/A","Tue Nov 15 06:42:36 2016"
"396","Canadian Pacific Railway Limite","N/A","N/A","Tue Nov 15 06:42:36 2016"
"397","Copa Holdings, S.A. Copa Holdin","N/A","N/A","Tue Nov 15 06:42:36 2016"
"398","Cementos Pacasmayo S.A.A. Ameri","N/A","N/A","Tue Nov 15 06:42:36 2016"
"399","Campbell Soup Company Common St","N/A","N/A","Tue Nov 15 06:42:36 2016"
"400","Callon Petroleum Company Common","N/A","N/A","Tue Nov 15 06:42:36 2016"
"402","Central Pacific Financial Corp ","N/A","N/A","Tue Nov 15 06:42:36 2016"
"403","Crescent Point Energy Corporati","N/A","N/A","Tue Nov 15 06:42:36 2016"
"404","Chesapeake Utilities Corporatio","N/A","N/A","Tue Nov 15 06:42:36 2016"
"405","CPFL Energia S.A. CPFL Energia ","N/A","N/A","Tue Nov 15 06:42:36 2016"
"406","Calpine Corporation Common Stoc","N/A","N/A","Tue Nov 15 06:42:36 2016"
"407","Columbia Pipeline Partners LP C","N/A","N/A","Tue Nov 15 06:42:36 2016"
"408","Cooper-Standard Holdings Inc. C","N/A","N/A","Tue Nov 15 06:42:36 2016"
"409","Camden Property Trust Common St","N/A","N/A","Tue Nov 15 06:42:36 2016"
"410","Crane Company Common Stock","N/A","N/A","Tue Nov 15 06:42:36 2016"
"411","California Resources Corporatio","N/A","N/A","Tue Nov 15 06:42:36 2016"
"412","Care.com, Inc. Common Stock","N/A","N/A","Tue Nov 15 06:42:36 2016"
"415","CRH PLC American Depositary Sha","N/A","N/A","Tue Nov 15 06:42:36 2016"
"416","Carter's, Inc. Common Stock","N/A","N/A","Tue Nov 15 06:42:36 2016"
"417","Dillard's Capital Trust I","N/A","N/A","Tue Nov 15 06:42:36 2016"
"418","Deutsch Bk Contingent Cap Tr V ","N/A","N/A","Tue Nov 15 06:42:36 2016"
"419","China Distance Education Holdin","N/A","N/A","Tue Nov 15 06:42:36 2016"
"420","Dolby Laboratories Common Stock","N/A","N/A","Tue Nov 15 06:42:36 2016"
"422","Dynagas LNG Partners LP Common ","N/A","N/A","Tue Nov 15 06:42:36 2016"
"423","Delphi Automotive plc Ordinary ","N/A","N/A","Tue Nov 15 06:42:36 2016"
"424","Digital Realty Trust, Inc. Comm","N/A","N/A","Tue Nov 15 06:42:36 2016"
"429","Deluxe Corporation Common Stock","N/A","N/A","Tue Nov 15 06:42:36 2016"
"430","Dominion Midstream Partners, LP","N/A","N/A","Tue Nov 15 06:42:36 2016"
"431","Dreyfus Municipal Bond Infrastr","N/A","N/A","Tue Nov 15 06:42:36 2016"
"432","Demand Media Inc. Common Stock","N/A","N/A","Tue Nov 15 06:42:36 2016"
"433","Western Asset Mortgage Defined ","N/A","N/A","Tue Nov 15 06:42:36 2016"
"434","Dun & Bradstreet Corporation (T","N/A","N/A","Tue Nov 15 06:42:36 2016"
"435","Dividend and Income Fund Common","N/A","N/A","Tue Nov 15 06:42:36 2016"
"436","NOW Inc. Common Stock","N/A","N/A","Tue Nov 15 06:42:36 2016"
"437","DNP Select Income Fund, Inc. Co","N/A","N/A","Tue Nov 15 06:42:36 2016"
"438","Denbury Resources Inc. Common S","N/A","N/A","Tue Nov 15 06:42:36 2016"
"439","Diamond Offshore Drilling, Inc.","N/A","N/A","Tue Nov 15 06:42:36 2016"
"440","Physicians Realty Trust Common ","N/A","N/A","Tue Nov 15 06:42:36 2016"
"441","Masonite International Corporat","N/A","N/A","Tue Nov 15 06:42:36 2016"
"442","Dover Corporation Common Stock","N/A","N/A","Tue Nov 15 06:42:36 2016"
"443","Dow Chemical Company (The) Comm","N/A","N/A","Tue Nov 15 06:42:36 2016"
"444","Duff & Phelps Global Utility In","N/A","N/A","Tue Nov 15 06:42:36 2016"
"445","Diplomat Pharmacy, Inc. Common ","N/A","N/A","Tue Nov 15 06:42:36 2016"
"446","DCP Midstream Partners, LP DCP ","N/A","N/A","Tue Nov 15 06:42:36 2016"
"447","Dr Pepper Snapple Group, Inc Dr","N/A","N/A","Tue Nov 15 06:42:36 2016"
"448","Domino's Pizza Inc Common Stock","N/A","N/A","Tue Nov 15 06:42:36 2016"
"449","Fair Isaac Corproation Common S","N/A","N/A","Tue Nov 15 06:42:36 2016"
"450","First Trust Energy Infrastructu","N/A","N/A","Tue Nov 15 06:42:36 2016"
"451","Fortress Investment Group LLC C","N/A","N/A","Tue Nov 15 06:42:36 2016"
"452","Federated Investors, Inc. Commo","N/A","N/A","Tue Nov 15 06:42:36 2016"
"453","Fidelity National Information S","N/A","N/A","Tue Nov 15 06:42:36 2016"
"454","Fitbit, Inc. Class A Common Sto","N/A","N/A","Tue Nov 15 06:42:36 2016"
"455","Comfort Systems USA, Inc. Commo","N/A","N/A","Tue Nov 15 06:42:36 2016"
"456","Foot Locker, Inc.","N/A","N/A","Tue Nov 15 06:42:36 2016"
"457","Flaherty & Crumrine Total Retur","N/A","N/A","Tue Nov 15 06:42:36 2016"
"458","Flowers Foods, Inc. Common Stoc","N/A","N/A","Tue Nov 15 06:42:36 2016"
"459","SPX FLOW, Inc. Common Stock","N/A","N/A","Tue Nov 15 06:42:36 2016"
"460","Fluor Corporation Common Stock","N/A","N/A","Tue Nov 15 06:42:36 2016"
"461","Flowserve Corporation Common St","N/A","N/A","Tue Nov 15 06:42:36 2016"
"462","FleetCor Technologies, Inc. Com","N/A","N/A","Tue Nov 15 06:42:36 2016"
"463","Fleetmatics Group PLC Ordinary ","N/A","N/A","Tue Nov 15 06:42:36 2016"
"464","Fly Leasing Limited","N/A","N/A","Tue Nov 15 06:42:36 2016"
"465","FMC Corporation Common Stock","N/A","N/A","Tue Nov 15 06:42:36 2016"
"466","Federated Premier Municipal Inc","N/A","N/A","Tue Nov 15 06:42:36 2016"
"467","Fiduciary/Claymore MLP Opportun","N/A","N/A","Tue Nov 15 06:42:36 2016"
"468","Fresenius Medical Care AG Commo","N/A","N/A","Tue Nov 15 06:42:36 2016"
"469","Fairmount Santrol Holdings Inc.","N/A","N/A","Tue Nov 15 06:42:36 2016"
"470","Fomento Economico Mexicano S.A.","N/A","N/A","Tue Nov 15 06:42:36 2016"
"471","First Trust Motgage Income Fund","N/A","N/A","Tue Nov 15 06:42:36 2016"
"472","Fabrinet Ordinary Shares","N/A","N/A","Tue Nov 15 06:42:36 2016"
"473","F.N.B. Corporation Common Stock","N/A","N/A","Tue Nov 15 06:42:36 2016"
"475","FNF Group of Fidelity National ","N/A","N/A","Tue Nov 15 06:42:36 2016"
"476","FNFV Group of Fidelity National","N/A","N/A","Tue Nov 15 06:42:36 2016"
"477","Franco-Nevada Corporation","N/A","N/A","Tue Nov 15 06:42:36 2016"
"478","Ferro Corporation Common Stock","N/A","N/A","Tue Nov 15 06:42:36 2016"
"479","Cohen & Steers Closed-End Oppor","N/A","N/A","Tue Nov 15 06:42:36 2016"
"480","Forestar Group Inc Common Stock","N/A","N/A","Tue Nov 15 06:42:36 2016"
"481","First Trust Intermediate Durati","N/A","N/A","Tue Nov 15 06:42:36 2016"
"482","Farmland Partners Inc. Common S","N/A","N/A","Tue Nov 15 06:42:36 2016"
"483","First Trust New Opportunities M","N/A","N/A","Tue Nov 15 06:42:36 2016"
"484","First Potomac Realty Trust Comm","N/A","N/A","Tue Nov 15 06:42:36 2016"
"485","Federated Premier Intermediate ","N/A","N/A","Tue Nov 15 06:42:36 2016"
"486","First Industrial Realty Trust, ","N/A","N/A","Tue Nov 15 06:42:36 2016"
"487","Blackrock Floating Rate Income ","N/A","N/A","Tue Nov 15 06:42:36 2016"
"488","FIRST REPUBLIC BANK Common Stoc","N/A","N/A","Tue Nov 15 06:42:36 2016"
"496","Frontline Ltd. Ordinary Shares","N/A","N/A","Tue Nov 15 06:42:36 2016"
"497","Federal Realty Investment Trust","N/A","N/A","Tue Nov 15 06:42:36 2016"
"498","Franklin Financial Network, Inc","N/A","N/A","Tue Nov 15 06:42:36 2016"
"499","Fifth Street Finance Corp. 5.87","N/A","N/A","Tue Nov 15 06:42:36 2016"
"500","First Trust High Income Long Sh","N/A","N/A","Tue Nov 15 06:42:36 2016"
"501","FS Investment Corporation Commo","N/A","N/A","Tue Nov 15 06:42:36 2016"
"502","Fortuna Silver Mines Inc Ordina","N/A","N/A","Tue Nov 15 06:42:36 2016"
"503","Federal Signal Corporation Comm","N/A","N/A","Tue Nov 15 06:42:36 2016"
"504","Franklin Universal Trust Common","N/A","N/A","Tue Nov 15 06:42:36 2016"
"505","Fortress Transportation and Inf","N/A","N/A","Tue Nov 15 06:42:36 2016"
"506","FMC Technologies, Inc. Common S","N/A","N/A","Tue Nov 15 06:42:36 2016"
"507","Flotek Industries, Inc. Common ","N/A","N/A","Tue Nov 15 06:42:36 2016"
"508","Fortis Inc. Common Shares","N/A","N/A","Tue Nov 15 06:42:36 2016"
"509","Fortive Corporation Common Stoc","N/A","N/A","Tue Nov 15 06:42:36 2016"
"510","H. B. Fuller Company Common Sto","N/A","N/A","Tue Nov 15 06:42:36 2016"
"511","Cedar Fair, L.P. Common Stock","N/A","N/A","Tue Nov 15 06:42:36 2016"
"512","Genpact Limited Common Stock","N/A","N/A","Tue Nov 15 06:42:36 2016"
"513","Gabelli Equity Trust, Inc. (The","N/A","N/A","Tue Nov 15 06:42:36 2016"
"518","General American Investors, Inc","N/A","N/A","Tue Nov 15 06:42:36 2016"
"520","GATX Corporation Common Stock","N/A","N/A","Tue Nov 15 06:42:36 2016"
"521","Guggenheim Taxable Municipal Ma","N/A","N/A","Tue Nov 15 06:42:36 2016"
"522","Gamco Investors, Inc. Common St","N/A","N/A","Tue Nov 15 06:42:36 2016"
"523","Greenbrier Companies, Inc. (The","N/A","N/A","Tue Nov 15 06:42:36 2016"
"524","GAIN Capital Holdings, Inc. Com","N/A","N/A","Tue Nov 15 06:42:36 2016"
"525","Aberdeen Greater China Fund, In","N/A","N/A","Tue Nov 15 06:42:36 2016"
"526","Gannett Co., Inc. Common Stock","N/A","N/A","Tue Nov 15 06:42:36 2016"
"527","Genesco Inc. Common Stock","N/A","N/A","Tue Nov 15 06:42:36 2016"
"528","GCP Applied Technologies Inc. C","N/A","N/A","Tue Nov 15 06:42:36 2016"
"529","Gabelli Convertible and Income ","N/A","N/A","Tue Nov 15 06:42:36 2016"
"531","General Dynamics Corporation Co","N/A","N/A","Tue Nov 15 06:42:36 2016"
"532","GoDaddy Inc. Class A Common Sto","N/A","N/A","Tue Nov 15 06:42:36 2016"
"533","GDL Fund, The Common Shares of ","N/A","N/A","Tue Nov 15 06:42:36 2016"
"535","Western Asset Global Corporate ","N/A","N/A","Tue Nov 15 06:42:36 2016"
"536","Green Dot Corporation Class A C","N/A","N/A","Tue Nov 15 06:42:36 2016"
"537","Gabelli Dividend & Income Trust","N/A","N/A","Tue Nov 15 06:42:36 2016"
"541","General Electric Company Common","N/A","N/A","Tue Nov 15 06:42:36 2016"
"542","General Electric Company 4.875%","N/A","N/A","Tue Nov 15 06:42:36 2016"
"543","Greif Inc. Class A Common Stock","N/A","N/A","Tue Nov 15 06:42:36 2016"
"545","General Electric Capital Corpor","N/A","N/A","Tue Nov 15 06:42:36 2016"
"546","General Electric Capital Corpor","N/A","N/A","Tue Nov 15 06:42:36 2016"
"547","Genesis Energy, L.P. Common Uni","N/A","N/A","Tue Nov 15 06:42:36 2016"
"548","Genesis Healthcare, Inc. Common","N/A","N/A","Tue Nov 15 06:42:36 2016"
"549","Geo Group Inc (The) REIT","N/A","N/A","Tue Nov 15 06:42:36 2016"
"550","Guggenheim Equal Weight Enhance","N/A","N/A","Tue Nov 15 06:42:36 2016"
"551","Goldman Sachs MLP Energy Renais","N/A","N/A","Tue Nov 15 06:42:36 2016"
"552","Guess?, Inc. Common Stock","N/A","N/A","Tue Nov 15 06:42:36 2016"
"553","New Germany Fund, Inc. (The) Co","N/A","N/A","Tue Nov 15 06:42:36 2016"
"554","Gafisa SA Gafisa S.A. American ","N/A","N/A","Tue Nov 15 06:42:36 2016"
"555","Griffon Corporation Common Stoc","N/A","N/A","Tue Nov 15 06:42:36 2016"
"556","Gold Fields Limited American De","N/A","N/A","Tue Nov 15 06:42:36 2016"
"557","Western Asset Variable Rate Str","N/A","N/A","Tue Nov 15 06:42:36 2016"
"558","Goldcorp Inc. Common Stock","N/A","N/A","Tue Nov 15 06:42:36 2016"
"559","Gerdau S.A. Common Stock","N/A","N/A","Tue Nov 15 06:42:36 2016"
"560","Guggenheim Enhanced Equity Stra","N/A","N/A","Tue Nov 15 06:42:36 2016"
"561","Graco Inc. Common Stock","N/A","N/A","Tue Nov 15 06:42:36 2016"
"562","Guggenheim Credit Allocation Fu","N/A","N/A","Tue Nov 15 06:42:36 2016"
"563","General Growth Properties, Inc.","N/A","N/A","Tue Nov 15 06:42:36 2016"
"565","Gabelli Multi-Media Trust, Inc.","N/A","N/A","Tue Nov 15 06:42:36 2016"
"567","Gabelli Global Small and Mid Ca","N/A","N/A","Tue Nov 15 06:42:36 2016"
"569","Graham Holdings Company Common ","N/A","N/A","Tue Nov 15 06:42:36 2016"
"570","Greenhill & Co., Inc. Common St","N/A","N/A","Tue Nov 15 06:42:36 2016"
"571","Graham Corporation Common Stock","N/A","N/A","Tue Nov 15 06:42:36 2016"
"572","Prudential Global Short Duratio","N/A","N/A","Tue Nov 15 06:42:36 2016"
"573","EndoChoice Holdings, Inc. Commo","N/A","N/A","Tue Nov 15 06:42:36 2016"
"574","CGI Group, Inc. Common Stock","N/A","N/A","Tue Nov 15 06:42:36 2016"
"575","Gildan Activewear, Inc. Class A","N/A","N/A","Tue Nov 15 06:42:36 2016"
"576","Templeton Global Income Fund, I","N/A","N/A","Tue Nov 15 06:42:36 2016"
"577","Gigamon Inc. Common Stock","N/A","N/A","Tue Nov 15 06:42:36 2016"
"578","General Mills, Inc. Common Stoc","N/A","N/A","Tue Nov 15 06:42:36 2016"
"579","Synthetic Fixed-Income Securiti","N/A","N/A","Tue Nov 15 06:42:36 2016"
"580","Synthetic Fixed-Income Securiti","N/A","N/A","Tue Nov 15 06:42:36 2016"
"581","Synthetic Fixed-Income Securiti","N/A","N/A","Tue Nov 15 06:42:36 2016"
"582","Synthetic Fixed-Income Securiti","N/A","N/A","Tue Nov 15 06:42:36 2016"
"583","Goldman Sachs Group Securities ","N/A","N/A","Tue Nov 15 06:42:36 2016"
"584","Synthetic Fixed-Income Securiti","N/A","N/A","Tue Nov 15 06:42:36 2016"
"585","Synthetic Fixed-Income Securiti","N/A","N/A","Tue Nov 15 06:42:36 2016"
"586","Glaukos Corporation Common Stoc","N/A","N/A","Tue Nov 15 06:42:36 2016"
"587","GulfMark Offshore, Inc. New Com","N/A","N/A","Tue Nov 15 06:42:36 2016"
"589","Globant S.A. Common Shares","N/A","N/A","Tue Nov 15 06:42:36 2016"
"590","GasLog Ltd. Common Shares","N/A","N/A","Tue Nov 15 06:42:36 2016"
"591","GasLog Partners LP Common Units","N/A","N/A","Tue Nov 15 06:42:36 2016"
"592","Global Partners LP Global Partn","N/A","N/A","Tue Nov 15 06:42:36 2016"
"593","Glatfelter Common Stock","N/A","N/A","Tue Nov 15 06:42:36 2016"
"594","Corning Incorporated Common Sto","N/A","N/A","Tue Nov 15 06:42:36 2016"
"595","General Motors Company Common S","N/A","N/A","Tue Nov 15 06:42:36 2016"
"597","Gamestop Corporation Common Sto","N/A","N/A","Tue Nov 15 06:42:36 2016"
"598","Globus Medical, Inc. Class A Co","N/A","N/A","Tue Nov 15 06:42:36 2016"
"599","GLOBAL MEDICAL REIT","N/A","N/A","Tue Nov 15 06:42:36 2016"
"600","GMS Inc. Common Stock","N/A","N/A","Tue Nov 15 06:42:36 2016"
"601","GATX Corporation 5.625% Senior ","N/A","N/A","Tue Nov 15 06:42:36 2016"
"602","Goldman Sachs MLP Income Opport","N/A","N/A","Tue Nov 15 06:42:36 2016"
"603","GNC Holdings, Inc. Class A Comm","N/A","N/A","Tue Nov 15 06:42:36 2016"
"604","Genie Energy Ltd. Class B Commo","N/A","N/A","Tue Nov 15 06:42:36 2016"
"606","Genco Shipping & Trading Limite","N/A","N/A","Tue Nov 15 06:42:36 2016"
"607","Global Net Lease, Inc. Common S","N/A","N/A","Tue Nov 15 06:42:36 2016"
"608","Generac Holdlings Inc. Common S","N/A","N/A","Tue Nov 15 06:42:36 2016"
"609","Gener8 Maritime, Inc. Common Sh","N/A","N/A","Tue Nov 15 06:42:36 2016"
"610","GAMCO Natural Resources, Gold &","N/A","N/A","Tue Nov 15 06:42:36 2016"
"611","Genworth Financial Inc Common S","N/A","N/A","Tue Nov 15 06:42:36 2016"
"612","Guggenheim Strategic Opportunit","N/A","N/A","Tue Nov 15 06:42:36 2016"
"613","Gol Linhas Aereas Inteligentes ","N/A","N/A","Tue Nov 15 06:42:36 2016"
"614","Acushnet Holdings Corp. Common ","N/A","N/A","Tue Nov 15 06:42:36 2016"
"615","Genuine Parts Company Common St","N/A","N/A","Tue Nov 15 06:42:36 2016"
"617","Group 1 Automotive, Inc. Common","N/A","N/A","Tue Nov 15 06:42:36 2016"
"618","Graphic Packaging Holding Compa","N/A","N/A","Tue Nov 15 06:42:36 2016"
"619","Guggenheim Enhanced Equity Inco","N/A","N/A","Tue Nov 15 06:42:36 2016"
"620","Global Payments Inc. Common Sto","N/A","N/A","Tue Nov 15 06:42:36 2016"
"621","Geopark Ltd Common Shares","N/A","N/A","Tue Nov 15 06:42:36 2016"
"622","Gap, Inc. (The) Common Stock","N/A","N/A","Tue Nov 15 06:42:36 2016"
"623","Gramercy Property Trust","N/A","N/A","Tue Nov 15 06:42:36 2016"
"625","GP Strategies Corporation Commo","N/A","N/A","Tue Nov 15 06:42:36 2016"
"626","W.R. Grace & Co. Common Stock","N/A","N/A","Tue Nov 15 06:42:36 2016"
"627","Grana y Montero S.A.A. American","N/A","N/A","Tue Nov 15 06:42:36 2016"
"628","Agria Corporation American Depo","N/A","N/A","Tue Nov 15 06:42:36 2016"
"630","Asia Tigers Fund, Inc. (The) Co","N/A","N/A","Tue Nov 15 06:42:36 2016"
"631","GrubHub Inc. Common Stock","N/A","N/A","Tue Nov 15 06:42:36 2016"
"632","The Gabelli Healthcare & Wellne","N/A","N/A","Tue Nov 15 06:42:36 2016"
"635","Goldman Sachs Group, Inc. (The)","N/A","N/A","Tue Nov 15 06:42:36 2016"
"644","Goldman Sachs BDC, Inc. Common ","N/A","N/A","Tue Nov 15 06:42:36 2016"
"645","Guangshen Railway Company Limit","N/A","N/A","Tue Nov 15 06:42:36 2016"
"646","Goldman Sachs Group, Inc. (The)","N/A","N/A","Tue Nov 15 06:42:36 2016"
"647","GlaxoSmithKline PLC Common Stoc","N/A","N/A","Tue Nov 15 06:42:36 2016"
"648","Global Ship Lease Inc New Class","N/A","N/A","Tue Nov 15 06:42:36 2016"
"650","Gray Communications Systems, In","N/A","N/A","Tue Nov 15 06:42:36 2016"
"652","Triple-S Management Corporation","N/A","N/A","Tue Nov 15 06:42:36 2016"
"653","GTT Communications, Inc. Common","N/A","N/A","Tue Nov 15 06:42:36 2016"
"654","Getty Realty Corporation Common","N/A","N/A","Tue Nov 15 06:42:36 2016"
"655","Gabelli Utility Trust (The) Com","N/A","N/A","Tue Nov 15 06:42:36 2016"
"658","Granite Construction Incorporat","N/A","N/A","Tue Nov 15 06:42:36 2016"
"659","Great Western Bancorp, Inc. Com","N/A","N/A","Tue Nov 15 06:42:36 2016"
"660","Genesee & Wyoming Inc. Class A ","N/A","N/A","Tue Nov 15 06:42:36 2016"
"661","Guidewire Software, Inc. Common","N/A","N/A","Tue Nov 15 06:42:36 2016"
"662","W.W. Grainger, Inc. Common Stoc","N/A","N/A","Tue Nov 15 06:42:36 2016"
"663","Great Plains Energy Incorporate","N/A","N/A","Tue Nov 15 06:42:36 2016"
"665","CABCO Series 2004-101 Trust Gol","N/A","N/A","Tue Nov 15 06:42:36 2016"
"666","Corporate Asset Backed Corp CAB","N/A","N/A","Tue Nov 15 06:42:36 2016"
"667","Gazit-Globe Ltd. Ordinary Share","N/A","N/A","Tue Nov 15 06:42:36 2016"
"668","Hyatt Hotels Corporation Class ","N/A","N/A","Tue Nov 15 06:42:36 2016"
"669","Haemonetics Corporation Common ","N/A","N/A","Tue Nov 15 06:42:36 2016"
"670","Halliburton Company Common Stoc","N/A","N/A","Tue Nov 15 06:42:36 2016"
"671","Harman International Industries","N/A","N/A","Tue Nov 15 06:42:36 2016"
"672","Hannon Armstrong Sustainable In","N/A","N/A","Tue Nov 15 06:42:36 2016"
"673","Hanesbrands Inc. Common Stock","N/A","N/A","Tue Nov 15 06:42:36 2016"
"674","Hudbay Minerals Inc Ordinary Sh","N/A","N/A","Tue Nov 15 06:42:36 2016"
"676","HCA Holdings, Inc. Common Stock","N/A","N/A","Tue Nov 15 06:42:36 2016"
"677","HCI Group, Inc. Common Stock","N/A","N/A","Tue Nov 15 06:42:36 2016"
"678","HCI Group, Inc. 8% Senior Notes","N/A","N/A","Tue Nov 15 06:42:36 2016"
"679","Hi-Crush Partners LP Common Uni","N/A","N/A","Tue Nov 15 06:42:36 2016"
"680","Welltower Inc. Common Stock","N/A","N/A","Tue Nov 15 06:42:36 2016"
"683","HCP, Inc. Common Stock","N/A","N/A","Tue Nov 15 06:42:36 2016"
"684","Home Depot, Inc. (The) Common S","N/A","N/A","Tue Nov 15 06:42:36 2016"
"685","HDFC Bank Limited Common Stock","N/A","N/A","Tue Nov 15 06:42:36 2016"
"686","Hawaiian Electric Industries, I","N/A","N/A","Tue Nov 15 06:42:36 2016"
"688","Heico Corporation Common Stock","N/A","N/A","Tue Nov 15 06:42:36 2016"
"690","Holly Energy Partners, L.P. Com","N/A","N/A","Tue Nov 15 06:42:36 2016"
"691","John Hancock Hedged Equity & In","N/A","N/A","Tue Nov 15 06:42:36 2016"
"692","Hess Corporation Common Stock","N/A","N/A","Tue Nov 15 06:42:36 2016"
"694","HFF, Inc. Common Stock, Class A","N/A","N/A","Tue Nov 15 06:42:36 2016"
"695","HollyFrontier Corporation Commo","N/A","N/A","Tue Nov 15 06:42:36 2016"
"696","HHGregg, Inc. Common Stock (IN)","N/A","N/A","Tue Nov 15 06:42:36 2016"
"697","Hartford Financial Services Gro","N/A","N/A","Tue Nov 15 06:42:36 2016"
"698","Hugoton Royalty Trust Common St","N/A","N/A","Tue Nov 15 06:42:36 2016"
"699","Howard Hughes Corporation (The)","N/A","N/A","Tue Nov 15 06:42:36 2016"
"700","Harte-Hanks, Inc. Common Stock","N/A","N/A","Tue Nov 15 06:42:36 2016"
"701","Brookfield High Income Fund Inc","N/A","N/A","Tue Nov 15 06:42:36 2016"
"702","Hillenbrand Inc Common Stock","N/A","N/A","Tue Nov 15 06:42:36 2016"
"703","Miller/Howard High Income Equit","N/A","N/A","Tue Nov 15 06:42:36 2016"
"704","InfraREIT, Inc. Common Stock","N/A","N/A","Tue Nov 15 06:42:36 2016"
"705","Hartford Financial Services Gro","N/A","N/A","Tue Nov 15 06:42:36 2016"
"707","Huntington Ingalls Industries, ","N/A","N/A","Tue Nov 15 06:42:36 2016"
"708","Hill International, Inc. Common","N/A","N/A","Tue Nov 15 06:42:36 2016"
"709","Western Asset High Income Oppor","N/A","N/A","Tue Nov 15 06:42:36 2016"
"710","Aerohive Networks, Inc. Common ","N/A","N/A","Tue Nov 15 06:42:36 2016"
"711","Highwoods Properties, Inc. Comm","N/A","N/A","Tue Nov 15 06:42:36 2016"
"712","Western Asset High Income Fund ","N/A","N/A","Tue Nov 15 06:42:36 2016"
"713","MS Structured Asset Corp MS Str","N/A","N/A","Tue Nov 15 06:42:36 2016"
"714","Halcon Resources Corporation Co","N/A","N/A","Tue Nov 15 06:42:36 2016"
"715","Hecla Mining Company Common Sto","N/A","N/A","Tue Nov 15 06:42:36 2016"
"717","Herbalife Ltd. Common Stock","N/A","N/A","Tue Nov 15 06:42:36 2016"
"718","Houlihan Lokey, Inc. Class A Co","N/A","N/A","Tue Nov 15 06:42:36 2016"
"719","HealthSouth Corporation Common ","N/A","N/A","Tue Nov 15 06:42:36 2016"
"721","Hilton Worldwide Holdings Inc. ","N/A","N/A","Tue Nov 15 06:42:36 2016"
"722","Helix Energy Solutions Group, I","N/A","N/A","Tue Nov 15 06:42:36 2016"
"723","Honda Motor Company, Ltd. Commo","N/A","N/A","Tue Nov 15 06:42:36 2016"
"724","Hoegh LNG Partners LP Common Un","N/A","N/A","Tue Nov 15 06:42:36 2016"
"725","Horace Mann Educators Corporati","N/A","N/A","Tue Nov 15 06:42:36 2016"
"726","Harmony Gold Mining Company Lim","N/A","N/A","Tue Nov 15 06:42:36 2016"
"727","HNI Corporation Common Stock","N/A","N/A","Tue Nov 15 06:42:36 2016"
"728","Huaneng Power Intl Common Stock","N/A","N/A","Tue Nov 15 06:42:36 2016"
"729","Harvest Natural Resources Inc","N/A","N/A","Tue Nov 15 06:42:36 2016"
"730","Harley-Davidson, Inc. Common St","N/A","N/A","Tue Nov 15 06:42:36 2016"
"731","At Home Group Inc. Common Stock","N/A","N/A","Tue Nov 15 06:42:36 2016"
"732","Honeywell International Inc. Co","N/A","N/A","Tue Nov 15 06:42:36 2016"
"733","Hornbeck Offshore Services Comm","N/A","N/A","Tue Nov 15 06:42:36 2016"
"734","Hovnanian Enterprises, Inc. Cla","N/A","N/A","Tue Nov 15 06:42:36 2016"
"735","Helmerich & Payne, Inc. Common ","N/A","N/A","Tue Nov 15 06:42:36 2016"
"736","Hewlett Packard Enterprise Comp","N/A","N/A","Tue Nov 15 06:42:36 2016"
"737","John Hancock Pfd Income Fund II","N/A","N/A","Tue Nov 15 06:42:36 2016"
"738","John Hancock Preferred Income F","N/A","N/A","Tue Nov 15 06:42:36 2016"
"739","Hudson Pacific Properties, Inc.","N/A","N/A","Tue Nov 15 06:42:36 2016"
"740","HP Inc. Common Stock","N/A","N/A","Tue Nov 15 06:42:36 2016"
"741","John Hancock Preferred Income F","N/A","N/A","Tue Nov 15 06:42:36 2016"
"742","Tekla Healthcare Investors Comm","N/A","N/A","Tue Nov 15 06:42:36 2016"
"743","TeklaLife Sciences Investors Co","N/A","N/A","Tue Nov 15 06:42:36 2016"
"744","Healthcare Realty Trust Incorpo","N/A","N/A","Tue Nov 15 06:42:36 2016"
"745","H&R Block, Inc. Common Stock","N/A","N/A","Tue Nov 15 06:42:36 2016"
"746","Hill-Rom Holdings Inc Common St","N/A","N/A","Tue Nov 15 06:42:36 2016"
"747","HRG Group, Inc. Common Stock","N/A","N/A","Tue Nov 15 06:42:36 2016"
"748","Herc Holdings Inc. Common Stock","N/A","N/A","Tue Nov 15 06:42:36 2016"
"749","Hormel Foods Corporation Common","N/A","N/A","Tue Nov 15 06:42:36 2016"
"750","Harris Corporation Common Stock","N/A","N/A","Tue Nov 15 06:42:36 2016"
"751","Heritage Insurance Holdings, In","N/A","N/A","Tue Nov 15 06:42:36 2016"
"753","HSBC Holdings, plc. Common Stoc","N/A","N/A","Tue Nov 15 06:42:36 2016"
"754","Harsco Corporation Common Stock","N/A","N/A","Tue Nov 15 06:42:36 2016"
"755","HSBC Holdings, plc. Perpetual S","N/A","N/A","Tue Nov 15 06:42:36 2016"
"756","HSBC Holdings plc PERP SUB CAP ","N/A","N/A","Tue Nov 15 06:42:36 2016"
"757","Host Hotels & Resorts, Inc. Com","N/A","N/A","Tue Nov 15 06:42:36 2016"
"758","The Hershey Company Common Stoc","N/A","N/A","Tue Nov 15 06:42:36 2016"
"759","Hersha Hospitality Trust Class ","N/A","N/A","Tue Nov 15 06:42:36 2016"
"762","Healthcare Trust of America, In","N/A","N/A","Tue Nov 15 06:42:36 2016"
"763","John Hancock Tax Advantaged Div","N/A","N/A","Tue Nov 15 06:42:36 2016"
"764","Horizon Technology Finance Corp","N/A","N/A","Tue Nov 15 06:42:36 2016"
"765","Hercules Capital, Inc. Common S","N/A","N/A","Tue Nov 15 06:42:36 2016"
"766","Hercules Capital, Inc. 6.25% No","N/A","N/A","Tue Nov 15 06:42:36 2016"
"767","Hercules Capital, Inc. 7.00% Se","N/A","N/A","Tue Nov 15 06:42:36 2016"
"768","Hercules Capital, Inc. 7.00% No","N/A","N/A","Tue Nov 15 06:42:36 2016"
"769","Hilltop Holdings Inc.","N/A","N/A","Tue Nov 15 06:42:36 2016"
"770","Brookfield Total Return Fund In","N/A","N/A","Tue Nov 15 06:42:36 2016"
"771","John Hancock Tax-Advantaged Glo","N/A","N/A","Tue Nov 15 06:42:36 2016"
"772","Hertz Global Holdings, Inc Comm","N/A","N/A","Tue Nov 15 06:42:36 2016"
"773","Hubbell Inc Common Stock","N/A","N/A","Tue Nov 15 06:42:36 2016"
"774","HubSpot, Inc. Common Stock","N/A","N/A","Tue Nov 15 06:42:36 2016"
"775","Humana Inc. Common Stock","N/A","N/A","Tue Nov 15 06:42:36 2016"
"776","Huntsman Corporation Common Sto","N/A","N/A","Tue Nov 15 06:42:36 2016"
"777","Haverty Furniture Companies, In","N/A","N/A","Tue Nov 15 06:42:36 2016"
"779","Headwaters Incorporated Common ","N/A","N/A","Tue Nov 15 06:42:36 2016"
"780","Hexcel Corporation Common Stock","N/A","N/A","Tue Nov 15 06:42:36 2016"
"781","Hyster-Yale Materials Handling,","N/A","N/A","Tue Nov 15 06:42:36 2016"
"782","New America High Income Fund, I","N/A","N/A","Tue Nov 15 06:42:36 2016"
"783","Halyard Health, Inc. Common Sto","N/A","N/A","Tue Nov 15 06:42:36 2016"
"784","Western Asset High Yield Define","N/A","N/A","Tue Nov 15 06:42:36 2016"
"785","Blackrock Corporate High Yield ","N/A","N/A","Tue Nov 15 06:42:36 2016"
"786","Horizon Global Corporation Comm","N/A","N/A","Tue Nov 15 06:42:36 2016"
"787","MarineMax, Inc.  (FL) Common St","N/A","N/A","Tue Nov 15 06:42:36 2016"
"788","Intelsat S.A. Common Shares","N/A","N/A","Tue Nov 15 06:42:36 2016"
"789","Voya Asia Pacific High Dividend","N/A","N/A","Tue Nov 15 06:42:36 2016"
"790","Iamgold Corporation Ordinary Sh","N/A","N/A","Tue Nov 15 06:42:36 2016"
"791","Industrias Bachoco, S.A.B. de C","N/A","N/A","Tue Nov 15 06:42:36 2016"
"792","International Business Machines","N/A","N/A","Tue Nov 15 06:42:36 2016"
"793","ICICI Bank Limited Common Stock","N/A","N/A","Tue Nov 15 06:42:36 2016"
"794","Installed Building Products, In","N/A","N/A","Tue Nov 15 06:42:36 2016"
"795","MS Income Securities, Inc. Comm","N/A","N/A","Tue Nov 15 06:42:36 2016"
"796","Independence Contract Drilling,","N/A","N/A","Tue Nov 15 06:42:36 2016"
"797","Intercontinental Exchange Inc. ","N/A","N/A","Tue Nov 15 06:42:36 2016"
"798","Israel Chemicals Limited Ordina","N/A","N/A","Tue Nov 15 06:42:36 2016"
"799","IDACORP, Inc. Common Stock","N/A","N/A","Tue Nov 15 06:42:36 2016"
"800","Voya Infrastructure, Industrial","N/A","N/A","Tue Nov 15 06:42:36 2016"
"801","IDT Corporation Class B Common ","N/A","N/A","Tue Nov 15 06:42:36 2016"
"802","IDEX Corporation Common Stock","N/A","N/A","Tue Nov 15 06:42:36 2016"
"803","Internationa Flavors & Fragranc","N/A","N/A","Tue Nov 15 06:42:36 2016"
"804","India Fund, Inc. (The) Common S","N/A","N/A","Tue Nov 15 06:42:36 2016"
"805","Voya Global Advantage and Premi","N/A","N/A","Tue Nov 15 06:42:36 2016"
"806","Voya Global Equity Dividend and","N/A","N/A","Tue Nov 15 06:42:36 2016"
"807","Western Asset Investment Grade ","N/A","N/A","Tue Nov 15 06:42:36 2016"
"808","CBRE Clarion Global Real Estate","N/A","N/A","Tue Nov 15 06:42:36 2016"
"809","International Game Technology O","N/A","N/A","Tue Nov 15 06:42:36 2016"
"810","Independence Holding Company Co","N/A","N/A","Tue Nov 15 06:42:36 2016"
"811","Voya Emerging Markets High Inco","N/A","N/A","Tue Nov 15 06:42:36 2016"
"812","Intercontinental Hotels Group A","N/A","N/A","Tue Nov 15 06:42:36 2016"
"813","Voya International High Dividen","N/A","N/A","Tue Nov 15 06:42:36 2016"
"814","Morgan Stanley India Investment","N/A","N/A","Tue Nov 15 06:42:36 2016"
"815","Invesco Value Municipal Income ","N/A","N/A","Tue Nov 15 06:42:36 2016"
"816","IntraLinks Holdings, Inc. Commo","N/A","N/A","Tue Nov 15 06:42:36 2016"
"817","Ingram Micro Inc. Common Stock","N/A","N/A","Tue Nov 15 06:42:36 2016"
"818","Imax Corporation Common Stock","N/A","N/A","Tue Nov 15 06:42:36 2016"
"819","Imation Corporation Common Stoc","N/A","N/A","Tue Nov 15 06:42:36 2016"
"820","Imperva, Inc. Common Stock","N/A","N/A","Tue Nov 15 06:42:36 2016"
"821","Cohen & Steers Global Income Bu","N/A","N/A","Tue Nov 15 06:42:36 2016"
"822","Brookfield Global Listed Infras","N/A","N/A","Tue Nov 15 06:42:36 2016"
"823","Infosys Limited American Deposi","N/A","N/A","Tue Nov 15 06:42:36 2016"
"824","ING Group, N.V. Common Stock","N/A","N/A","Tue Nov 15 06:42:36 2016"
"825","Ingredion Incorporated Common S","N/A","N/A","Tue Nov 15 06:42:36 2016"
"826","Summit Hotel Properties, Inc. C","N/A","N/A","Tue Nov 15 06:42:36 2016"
"831","Instructure, Inc. Common Stock","N/A","N/A","Tue Nov 15 06:42:36 2016"
"832","World Fuel Services Corporation","N/A","N/A","Tue Nov 15 06:42:36 2016"
"833","InvenSense, Inc. Common Stock","N/A","N/A","Tue Nov 15 06:42:36 2016"
"834","InterXion Holding N.V. Ordinary","N/A","N/A","Tue Nov 15 06:42:36 2016"
"835","Ing Groep NV Perpetual Debt Sec","N/A","N/A","Tue Nov 15 06:42:36 2016"
"836","Ion Geophysical Corporation Com","N/A","N/A","Tue Nov 15 06:42:36 2016"
"837","InterOil Corporation","N/A","N/A","Tue Nov 15 06:42:36 2016"
"838","International Paper Company Com","N/A","N/A","Tue Nov 15 06:42:36 2016"
"839","Interpublic Group of Companies,","N/A","N/A","Tue Nov 15 06:42:36 2016"
"840","Inphi Corporation Common Stock ","N/A","N/A","Tue Nov 15 06:42:36 2016"
"841","Intrepid Potash, Inc Common Sto","N/A","N/A","Tue Nov 15 06:42:36 2016"
"843","Invesco Quality Municipal Incom","N/A","N/A","Tue Nov 15 06:42:36 2016"
"844","Ingersoll-Rand plc (Ireland)","N/A","N/A","Tue Nov 15 06:42:36 2016"
"847","Investors Real Estate Trust Sha","N/A","N/A","Tue Nov 15 06:42:36 2016"
"848","New Ireland Fund, Inc (The) Com","N/A","N/A","Tue Nov 15 06:42:36 2016"
"849","Iron Mountain Incorporated (Del","N/A","N/A","Tue Nov 15 06:42:36 2016"
"850","Voya Natural Resources Equity I","N/A","N/A","Tue Nov 15 06:42:36 2016"
"851","IRSA Inversiones Y Representaci","N/A","N/A","Tue Nov 15 06:42:36 2016"
"852","Prudential Short Duration High ","N/A","N/A","Tue Nov 15 06:42:36 2016"
"853","ING Group, N.V. Perp Hybrid Cap","N/A","N/A","Tue Nov 15 06:42:36 2016"
"854","ING Group, N.V. Perpetual Dent ","N/A","N/A","Tue Nov 15 06:42:36 2016"
"855","ING Groep NV 6.20% Perpetual De","N/A","N/A","Tue Nov 15 06:42:36 2016"
"856","Gartner, Inc. Common Stock","N/A","N/A","Tue Nov 15 06:42:36 2016"
"857","Itau CorpBanca American Deposit","N/A","N/A","Tue Nov 15 06:42:36 2016"
"858","Investment Technology Group, In","N/A","N/A","Tue Nov 15 06:42:36 2016"
"859","Integer Holdings Corporation Co","N/A","N/A","Tue Nov 15 06:42:36 2016"
"860","ITT Inc. Common Stock ","N/A","N/A","Tue Nov 15 06:42:36 2016"
"861","Itau Unibanco Banco Holding SA ","N/A","N/A","Tue Nov 15 06:42:36 2016"
"862","Illinois Tool Works Inc. Common","N/A","N/A","Tue Nov 15 06:42:36 2016"
"863","Invacare Corporation Common Sto","N/A","N/A","Tue Nov 15 06:42:36 2016"
"864","Ivy High Income Opportunities F","N/A","N/A","Tue Nov 15 06:42:36 2016"
"865","INVESCO MORTGAGE CAPITAL INC Co","N/A","N/A","Tue Nov 15 06:42:36 2016"
"868","Invesco Ltd Common Stock","N/A","N/A","Tue Nov 15 06:42:36 2016"
"869","Orix Corp Ads Common Stock","N/A","N/A","Tue Nov 15 06:42:36 2016"
"870","J. Alexander's Holdings, Inc. C","N/A","N/A","Tue Nov 15 06:42:36 2016"
"871","Deutsche Strategic Income Trust","N/A","N/A","Tue Nov 15 06:42:36 2016"
"872","Kansas City Southern Common Sto","N/A","N/A","Tue Nov 15 06:42:36 2016"
"874","KT Corporation Common Stock","N/A","N/A","Tue Nov 15 06:42:36 2016"
"875","Deutsche Municiple Income Trust","N/A","N/A","Tue Nov 15 06:42:36 2016"
"876","Structures Products Cp 8% CorTS","N/A","N/A","Tue Nov 15 06:42:36 2016"
"877","Structured Products Corp 8.205%","N/A","N/A","Tue Nov 15 06:42:36 2016"
"878","Corts 7.625 Pfd Common Stock","N/A","N/A","Tue Nov 15 06:42:36 2016"
"879","Kennedy-Wilson Holdings Inc. Co","N/A","N/A","Tue Nov 15 06:42:36 2016"
"880","Kennedy-Wilson Holdings Inc. 7.","N/A","N/A","Tue Nov 15 06:42:36 2016"
"881","Quaker Chemical Corporation Com","N/A","N/A","Tue Nov 15 06:42:36 2016"
"882","Kayne Anderson Total Energy Ret","N/A","N/A","Tue Nov 15 06:42:36 2016"
"883","Kayne Anderson MLP Investment C","N/A","N/A","Tue Nov 15 06:42:36 2016"
"885","Kyocera Corporation Common Stoc","N/A","N/A","Tue Nov 15 06:42:36 2016"
"886","Loews Corporation Common Stock","N/A","N/A","Tue Nov 15 06:42:36 2016"
"887","Lithia Motors, Inc. Common Stoc","N/A","N/A","Tue Nov 15 06:42:36 2016"
"888","Ladder Capital Corp Class A Com","N/A","N/A","Tue Nov 15 06:42:36 2016"
"889","Lazard LTD. Lazard, LTD. Class ","N/A","N/A","Tue Nov 15 06:42:36 2016"
"890","L Brands, Inc.","N/A","N/A","Tue Nov 15 06:42:36 2016"
"891","Deutsche Global High Income Fun","N/A","N/A","Tue Nov 15 06:42:36 2016"
"892","LendingClub Corporation Common ","N/A","N/A","Tue Nov 15 06:42:36 2016"
"893","Lannett Co Inc Common Stock","N/A","N/A","Tue Nov 15 06:42:36 2016"
"894","Advent/Claymore Enhanced Growth","N/A","N/A","Tue Nov 15 06:42:36 2016"
"895","Latin American Discovery Fund, ","N/A","N/A","Tue Nov 15 06:42:36 2016"
"896","Lydall, Inc. Common Stock","N/A","N/A","Tue Nov 15 06:42:36 2016"
"897","Leidos Holdings, Inc. Common St","N/A","N/A","Tue Nov 15 06:42:36 2016"
"898","Cohen & Steers Limited Duration","N/A","N/A","Tue Nov 15 06:42:36 2016"
"899","Landauer, Inc. Common Stock","N/A","N/A","Tue Nov 15 06:42:36 2016"
"900","Lear Corporation Common Stock","N/A","N/A","Tue Nov 15 06:42:36 2016"
"901","Lee Enterprises, Incorporated C","N/A","N/A","Tue Nov 15 06:42:36 2016"
"902","Leggett & Platt, Incorporated C","N/A","N/A","Tue Nov 15 06:42:36 2016"
"903","Leju Holdings Limited American ","N/A","N/A","Tue Nov 15 06:42:36 2016"
"904","Lennar Corporation Class A Comm","N/A","N/A","Tue Nov 15 06:42:36 2016"
"906","Dreyfus Strategic Municipals, I","N/A","N/A","Tue Nov 15 06:42:36 2016"
"907","China Life Insurance Company Li","N/A","N/A","Tue Nov 15 06:42:36 2016"
"908","Leaf Group Ltd. Common Stock","N/A","N/A","Tue Nov 15 06:42:36 2016"
"909","LATAM Airlines Group S.A.","N/A","N/A","Tue Nov 15 06:42:36 2016"
"910","Lions Gate Entertainment Corpor","N/A","N/A","Tue Nov 15 06:42:36 2016"
"911","Lazard Global Total Return and ","N/A","N/A","Tue Nov 15 06:42:36 2016"
"912","Laboratory Corporation of Ameri","N/A","N/A","Tue Nov 15 06:42:36 2016"
"913","LaSalle Hotel Properties Common","N/A","N/A","Tue Nov 15 06:42:36 2016"
"917","Lennox International, Inc. Comm","N/A","N/A","Tue Nov 15 06:42:36 2016"
"918","LightInTheBox Holding Co., Ltd.","N/A","N/A","Tue Nov 15 06:42:36 2016"
"919","LSC Communications, Inc. Common","N/A","N/A","Tue Nov 15 06:42:36 2016"
"920","Lumber Liquidators Holdings, In","N/A","N/A","Tue Nov 15 06:42:36 2016"
"921","L-3 Communications Holdings, In","N/A","N/A","Tue Nov 15 06:42:36 2016"
"922","Eli Lilly and Company Common St","N/A","N/A","Tue Nov 15 06:42:36 2016"
"923","Legg Mason, Inc. Common Stock","N/A","N/A","Tue Nov 15 06:42:36 2016"
"924","Legg Mason, Inc. 6.375% Junior ","N/A","N/A","Tue Nov 15 06:42:36 2016"
"925","Legg Mason, Inc. 5.45% Junior S","N/A","N/A","Tue Nov 15 06:42:36 2016"
"926","Lockheed Martin Corporation Com","N/A","N/A","Tue Nov 15 06:42:36 2016"
"927","LINE Corporation American Depos","N/A","N/A","Tue Nov 15 06:42:36 2016"
"928","Lincoln National Corporation Co","N/A","N/A","Tue Nov 15 06:42:36 2016"
"930","Brasilagro Brazilian Agric Real","N/A","N/A","Tue Nov 15 06:42:36 2016"
"931","LinkedIn Corporation Class A Co","N/A","N/A","Tue Nov 15 06:42:36 2016"
"932","Lindsay Corporation Common Stoc","N/A","N/A","Tue Nov 15 06:42:36 2016"
"933","Alliant Energy Corporation Comm","N/A","N/A","Tue Nov 15 06:42:36 2016"
"934","LifeLock, Inc. Common Stock","N/A","N/A","Tue Nov 15 06:42:36 2016"
"935","Lazard World Dividend & Income ","N/A","N/A","Tue Nov 15 06:42:36 2016"
"936","Lowe's Companies, Inc. Common S","N/A","N/A","Tue Nov 15 06:42:36 2016"
"937","Leucadia National Corporation C","N/A","N/A","Tue Nov 15 06:42:36 2016"
"938","Southwest Airlines Company Comm","N/A","N/A","Tue Nov 15 06:42:36 2016"
"939","Luxottica Group, S.p.A. Common ","N/A","N/A","Tue Nov 15 06:42:36 2016"
"940","Level 3 Communications, Inc.","N/A","N/A","Tue Nov 15 06:42:36 2016"
"941","Las Vegas Sands Corp. Common St","N/A","N/A","Tue Nov 15 06:42:36 2016"
"942","Luxfer Holdings PLC American De","N/A","N/A","Tue Nov 15 06:42:36 2016"
"943","Luxoft Holding, Inc. Class A Or","N/A","N/A","Tue Nov 15 06:42:36 2016"
"944","Lexmark International, Inc. Com","N/A","N/A","Tue Nov 15 06:42:36 2016"
"945","Lexington Realty Trust Common S","N/A","N/A","Tue Nov 15 06:42:36 2016"
"947","LSB Industries, Inc. Common Sto","N/A","N/A","Tue Nov 15 06:42:36 2016"
"948","LyondellBasell Industries NV Or","N/A","N/A","Tue Nov 15 06:42:36 2016"
"949","Lloyds Banking Group Plc Americ","N/A","N/A","Tue Nov 15 06:42:36 2016"
"950","Live Nation Entertainment, Inc.","N/A","N/A","Tue Nov 15 06:42:36 2016"
"951","La-Z-Boy Incorporated Common St","N/A","N/A","Tue Nov 15 06:42:36 2016"
"952","Macy's Inc Common Stock","N/A","N/A","Tue Nov 15 06:42:36 2016"
"953","Barings Corporate Investors Com","N/A","N/A","Tue Nov 15 06:42:36 2016"
"954","McKesson Corporation Common Sto","N/A","N/A","Tue Nov 15 06:42:36 2016"
"955","Madison Covered Call & Equity S","N/A","N/A","Tue Nov 15 06:42:36 2016"
"956","Moody's Corporation Common Stoc","N/A","N/A","Tue Nov 15 06:42:36 2016"
"957","Everest Re Group, Ltd. Common S","N/A","N/A","Tue Nov 15 06:42:36 2016"
"958","Regency Centers Corporation Com","N/A","N/A","Tue Nov 15 06:42:36 2016"
"961","RELX PLC PLC American Depositar","N/A","N/A","Tue Nov 15 06:42:36 2016"
"962","Resolute Energy Corporation Com","N/A","N/A","Tue Nov 15 06:42:36 2016"
"963","Renren Inc. American Depositary","N/A","N/A","Tue Nov 15 06:42:36 2016"
"964","RELX N.V. American Depositary S","N/A","N/A","Tue Nov 15 06:42:36 2016"
"965","RPC, Inc. Common Stock","N/A","N/A","Tue Nov 15 06:42:36 2016"
"966","Altisource Residential Corporat","N/A","N/A","Tue Nov 15 06:42:36 2016"
"967","Revlon, Inc. New Common Stock","N/A","N/A","Tue Nov 15 06:42:36 2016"
"968","REX American Resources Corporat","N/A","N/A","Tue Nov 15 06:42:36 2016"
"970","Rexford Industrial Realty, Inc.","N/A","N/A","Tue Nov 15 06:42:36 2016"
"971","Regions Financial Corporation C","N/A","N/A","Tue Nov 15 06:42:36 2016"
"974","Cohen & Steers Total Return Rea","N/A","N/A","Tue Nov 15 06:42:36 2016"
"975","Resolute Forest Products Inc. C","N/A","N/A","Tue Nov 15 06:42:36 2016"
"976","RAIT Financial Trust 7.625% Sen","N/A","N/A","Tue Nov 15 06:42:36 2016"
"977","RAIT Financial Trust 7.125% Sen","N/A","N/A","Tue Nov 15 06:42:36 2016"
"978","Reinsurance Group of America, I","N/A","N/A","Tue Nov 15 06:42:36 2016"
"979","Regal Entertainment Group Class","N/A","N/A","Tue Nov 15 06:42:36 2016"
"980","Sturm, Ruger & Company, Inc. Co","N/A","N/A","Tue Nov 15 06:42:36 2016"
"981","Regis Corporation Common Stock","N/A","N/A","Tue Nov 15 06:42:36 2016"
"982","Royce Global Value Trust, Inc. ","N/A","N/A","Tue Nov 15 06:42:36 2016"
"983","Restoration Hardware Holdings I","N/A","N/A","Tue Nov 15 06:42:36 2016"
"984","Robert Half International Inc. ","N/A","N/A","Tue Nov 15 06:42:36 2016"
"985","Ryman Hospitality Properties, I","N/A","N/A","Tue Nov 15 06:42:36 2016"
"986","Red Hat, Inc. Common Stock","N/A","N/A","Tue Nov 15 06:42:36 2016"
"987","Rice Energy Inc. Common Stock","N/A","N/A","Tue Nov 15 06:42:36 2016"
"988","Transocean Ltd (Switzerland) Co","N/A","N/A","Tue Nov 15 06:42:36 2016"
"989","Transocean Partners LLC Common ","N/A","N/A","Tue Nov 15 06:42:36 2016"
"990","Rio Tinto Plc Common Stock","N/A","N/A","Tue Nov 15 06:42:36 2016"
"991","RiverNorth Opportunities Fund, ","N/A","N/A","Tue Nov 15 06:42:36 2016"
"992","Raymond James Financial, Inc. 6","N/A","N/A","Tue Nov 15 06:42:36 2016"
"993","Raymond James Financial, Inc. C","N/A","N/A","Tue Nov 15 06:42:36 2016"
"994","Ralph Lauren Corporation Common","N/A","N/A","Tue Nov 15 06:42:36 2016"
"995","Realogy Holdings Corp. Common S","N/A","N/A","Tue Nov 15 06:42:36 2016"
"996","Red Lions Hotels Corporation Co","N/A","N/A","Tue Nov 15 06:42:36 2016"
"997","RLI Corp. Common Stock","N/A","N/A","Tue Nov 15 06:42:36 2016"
"998","RLJ Lodging Trust Common Shares","N/A","N/A","Tue Nov 15 06:42:36 2016"
"999","Regional Management Corp. Commo","N/A","N/A","Tue Nov 15 06:42:36 2016"
"1000","RE/MAX Holdings, Inc. Class A C","N/A","N/A","Tue Nov 15 06:42:36 2016"
"1001","ResMed Inc. Common Stock","N/A","N/A","Tue Nov 15 06:42:36 2016"
"1002","Rice Midstream Partners LP Comm","N/A","N/A","Tue Nov 15 06:42:36 2016"
"1003","Royce Micro-Cap Trust, Inc. Com","N/A","N/A","Tue Nov 15 06:42:36 2016"
"1004","Ringcentral, Inc. Class A Commo","N/A","N/A","Tue Nov 15 06:42:36 2016"
"1005","Cohen & Steers Reit and Preferr","N/A","N/A","Tue Nov 15 06:42:36 2016"
"1006","RenaissanceRe Holdings Ltd. Com","N/A","N/A","Tue Nov 15 06:42:36 2016"
"1009","Rogers Corporation Common Stock","N/A","N/A","Tue Nov 15 06:42:36 2016"
"1010","Rockwell Automation, Inc. Commo","N/A","N/A","Tue Nov 15 06:42:36 2016"
"1011","Rollins, Inc. Common Stock","N/A","N/A","Tue Nov 15 06:42:36 2016"
"1012","Roper Technologies, Inc. Common","N/A","N/A","Tue Nov 15 06:42:36 2016"
"1013","Pacific Coast Oil Trust Units o","N/A","N/A","Tue Nov 15 06:42:36 2016"
"1015","Retail Properties of America, I","N/A","N/A","Tue Nov 15 06:42:36 2016"
"1016","RPM International Inc. Common S","N/A","N/A","Tue Nov 15 06:42:36 2016"
"1017","Ramco-Gershenson Properties Tru","N/A","N/A","Tue Nov 15 06:42:36 2016"
"1019","Cohen & Steers Quality Income R","N/A","N/A","Tue Nov 15 06:42:36 2016"
"1020","Range Resources Corporation Com","N/A","N/A","Tue Nov 15 06:42:36 2016"
"1021","R.R. Donnelley & Sons Company C","N/A","N/A","Tue Nov 15 06:42:36 2016"
"1022","Roadrunner Transportation Syste","N/A","N/A","Tue Nov 15 06:42:36 2016"
"1023","Reliance Steel & Aluminum Co. C","N/A","N/A","Tue Nov 15 06:42:36 2016"
"1024","Republic Services, Inc. Common ","N/A","N/A","Tue Nov 15 06:42:36 2016"
"1025","Resource Capital Corp. Resource","N/A","N/A","Tue Nov 15 06:42:36 2016"
"1029","RSP Permian, Inc. Common Stock","N/A","N/A","Tue Nov 15 06:42:36 2016"
"1030","Rosetta Stone Rosetta Stone, In","N/A","N/A","Tue Nov 15 06:42:36 2016"
"1031","Ruby Tuesday, Inc. Common Stock","N/A","N/A","Tue Nov 15 06:42:36 2016"
"1032","Rudolph Technologies, Inc. Comm","N/A","N/A","Tue Nov 15 06:42:36 2016"
"1033","Raytheon Company Common Stock","N/A","N/A","Tue Nov 15 06:42:36 2016"
"1034","The Rubicon Project, Inc. Commo","N/A","N/A","Tue Nov 15 06:42:36 2016"
"1035","Royce Value Trust, Inc. Common ","N/A","N/A","Tue Nov 15 06:42:36 2016"
"1036","Redwood Trust, Inc. Common Stoc","N/A","N/A","Tue Nov 15 06:42:36 2016"
"1037","Rexnord Corporation Common Stoc","N/A","N/A","Tue Nov 15 06:42:36 2016"
"1038","Royal Bank Of Canada Common Sto","N/A","N/A","Tue Nov 15 06:42:36 2016"
"1042","Rayonier Advanced Materials Inc","N/A","N/A","Tue Nov 15 06:42:36 2016"
"1043","Ryerson Holding Corporation Com","N/A","N/A","Tue Nov 15 06:42:36 2016"
"1044","Rayonier Inc. REIT Common Stock","N/A","N/A","Tue Nov 15 06:42:36 2016"
"1045","Reinsurance Group of America, I","N/A","N/A","Tue Nov 15 06:42:36 2016"
"1046","Reinsurance Group of America, I","N/A","N/A","Tue Nov 15 06:42:36 2016"
"1047","Sprint Corporation Common Stock","N/A","N/A","Tue Nov 15 06:42:36 2016"
"1048","Seabridge Gold, Inc. Ordinary S","N/A","N/A","Tue Nov 15 06:42:36 2016"
"1049","Sonic Automotive, Inc. Common S","N/A","N/A","Tue Nov 15 06:42:36 2016"
"1050","SCIENCE APPLICATIONS INTERNATIO","N/A","N/A","Tue Nov 15 06:42:36 2016"
"1051","Scorpio Bulkers Inc. Common Sto","N/A","N/A","Tue Nov 15 06:42:36 2016"
"1052","Boston Beer Company, Inc. (The)","N/A","N/A","Tue Nov 15 06:42:36 2016"
"1053","Banco Santander, S.A. Sponsored","N/A","N/A","Tue Nov 15 06:42:36 2016"
"1058","SAP  SE ADS","N/A","N/A","Tue Nov 15 06:42:36 2016"
"1059","Saratoga Investment Corp 7.50% ","N/A","N/A","Tue Nov 15 06:42:36 2016"
"1060","Saratoga Investment Corp New","N/A","N/A","Tue Nov 15 06:42:36 2016"
"1061","Safe Bulkers, Inc Common Stock ","N/A","N/A","Tue Nov 15 06:42:36 2016"
"1065","Sibanye Gold Limited American D","N/A","N/A","Tue Nov 15 06:42:36 2016"
"1066","Sally Beauty Holdings, Inc. (Na","N/A","N/A","Tue Nov 15 06:42:36 2016"
"1067","Scorpio Tankers Inc. 6.75% Seni","N/A","N/A","Tue Nov 15 06:42:36 2016"
"1068","Scorpio Tankers Inc. 7.50% Seni","N/A","N/A","Tue Nov 15 06:42:36 2016"
"1069","Sabine Royalty Trust Common Sto","N/A","N/A","Tue Nov 15 06:42:36 2016"
"1070","Companhia de saneamento Basico ","N/A","N/A","Tue Nov 15 06:42:36 2016"
"1071","Western Asset Worldwide Income ","N/A","N/A","Tue Nov 15 06:42:36 2016"
"1072","Silver Bay Realty Trust Corp. C","N/A","N/A","Tue Nov 15 06:42:36 2016"
"1073","Santander Consumer USA Holdings","N/A","N/A","Tue Nov 15 06:42:36 2016"
"1074","Southern Copper Corporation Com","N/A","N/A","Tue Nov 15 06:42:36 2016"
"1075","LMP Capital and Income Fund Inc","N/A","N/A","Tue Nov 15 06:42:36 2016"
"1081","SCANA Corporation Common Stock","N/A","N/A","Tue Nov 15 06:42:36 2016"
"1085","Charles Schwab Corporation (The","N/A","N/A","Tue Nov 15 06:42:36 2016"
"1086","Service Corporation Internation","N/A","N/A","Tue Nov 15 06:42:36 2016"
"1087","Stepan Company Common Stock","N/A","N/A","Tue Nov 15 06:42:36 2016"
"1088","Stellus Capital Investment Corp","N/A","N/A","Tue Nov 15 06:42:36 2016"
"1089","Suffolk Bancorp Common Stock","N/A","N/A","Tue Nov 15 06:42:36 2016"
"1090","Stellus Capital Investment Corp","N/A","N/A","Tue Nov 15 06:42:36 2016"
"1091","Steelcase Inc. Common Stock","N/A","N/A","Tue Nov 15 06:42:36 2016"
"1092","L.S. Starrett Company (The) Com","N/A","N/A","Tue Nov 15 06:42:36 2016"
"1093","SandRidge Energy, Inc. Common S","N/A","N/A","Tue Nov 15 06:42:36 2016"
"1094","Seadrill Partners LLC Common Un","N/A","N/A","Tue Nov 15 06:42:36 2016"
"1095","SandRidge Mississippian Trust I","N/A","N/A","Tue Nov 15 06:42:36 2016"
"1096","Seadrill Limited Ordinary Share","N/A","N/A","Tue Nov 15 06:42:36 2016"
"1097","SandRidge Mississippian Trust I","N/A","N/A","Tue Nov 15 06:42:36 2016"
"1098","Spectra Energy Corp Common Stoc","N/A","N/A","Tue Nov 15 06:42:36 2016"
"1099","SeaWorld Entertainment, Inc. Co","N/A","N/A","Tue Nov 15 06:42:36 2016"
"1100","Sealed Air Corporation Common S","N/A","N/A","Tue Nov 15 06:42:36 2016"
"1101","Select Medical Holdings Corpora","N/A","N/A","Tue Nov 15 06:42:36 2016"
"1102","Semgroup Corporation Class A Co","N/A","N/A","Tue Nov 15 06:42:36 2016"
"1103","Spectra Energy Partners, LP Com","N/A","N/A","Tue Nov 15 06:42:36 2016"
"1104","ServiceMaster Global Holdings, ","N/A","N/A","Tue Nov 15 06:42:36 2016"
"1105","Stifel Financial Corporation Co","N/A","N/A","Tue Nov 15 06:42:36 2016"
"1107","Safeguard Scientifics, Inc. New","N/A","N/A","Tue Nov 15 06:42:36 2016"
"1108","Ship Finance International Limi","N/A","N/A","Tue Nov 15 06:42:36 2016"
"1109","Colony Starwood Homes Common Sh","N/A","N/A","Tue Nov 15 06:42:36 2016"
"1110","Smart & Final Stores, Inc. Comm","N/A","N/A","Tue Nov 15 06:42:36 2016"
"1111","Fang Holdings Limited American ","N/A","N/A","Tue Nov 15 06:42:36 2016"
"1112","Aberdeen Singapore Fund, Inc. C","N/A","N/A","Tue Nov 15 06:42:36 2016"
"1113","Stonegate Mortgage Corporation ","N/A","N/A","Tue Nov 15 06:42:36 2016"
"1114","Star Gas Partners, L.P. Common ","N/A","N/A","Tue Nov 15 06:42:36 2016"
"1115","Stone Energy Corporation Common","N/A","N/A","Tue Nov 15 06:42:36 2016"
"1116","Selective Insurance Group, Inc.","N/A","N/A","Tue Nov 15 06:42:36 2016"
"1117","Shake Shack, Inc. Class A Commo","N/A","N/A","Tue Nov 15 06:42:36 2016"
"1118","Shinhan Financial Group Co Ltd ","N/A","N/A","Tue Nov 15 06:42:36 2016"
"1119","SINOPEC Shangai Petrochemical C","N/A","N/A","Tue Nov 15 06:42:36 2016"
"1120","Shell Midstream Partners, L.P. ","N/A","N/A","Tue Nov 15 06:42:36 2016"
"1121","Sunstone Hotel Investors, Inc. ","N/A","N/A","Tue Nov 15 06:42:36 2016"
"1124","Shopify Inc. Class A Subordinat","N/A","N/A","Tue Nov 15 06:42:36 2016"
"1125","Sherwin-Williams Company (The) ","N/A","N/A","Tue Nov 15 06:42:36 2016"
"1126","Companhia Siderurgica Nacional ","N/A","N/A","Tue Nov 15 06:42:36 2016"
"1127","Signet Jewelers Limited Common ","N/A","N/A","Tue Nov 15 06:42:36 2016"
"1128","SiteOne Landscape Supply, Inc. ","N/A","N/A","Tue Nov 15 06:42:36 2016"
"1129","Six Flags Entertainment Corpora","N/A","N/A","Tue Nov 15 06:42:36 2016"
"1130","South Jersey Industries, Inc. C","N/A","N/A","Tue Nov 15 06:42:36 2016"
"1131","J.M. Smucker Company (The) New ","N/A","N/A","Tue Nov 15 06:42:36 2016"
"1132","Shaw Communications Inc. Common","N/A","N/A","Tue Nov 15 06:42:36 2016"
"1133","San Juan Basin Royalty Trust Co","N/A","N/A","Tue Nov 15 06:42:36 2016"
"1134","SJW Corporation Common Stock","N/A","N/A","Tue Nov 15 06:42:36 2016"
"1135","SK Telecom Co., Ltd. Common Sto","N/A","N/A","Tue Nov 15 06:42:36 2016"
"1136","Tanger Factory Outlet Centers, ","N/A","N/A","Tue Nov 15 06:42:36 2016"
"1137","Skechers U.S.A., Inc. Common St","N/A","N/A","Tue Nov 15 06:42:36 2016"
"1138","Schlumberger N.V. Common Stock","N/A","N/A","Tue Nov 15 06:42:36 2016"
"1139","U.S. Silica Holdings, Inc. Comm","N/A","N/A","Tue Nov 15 06:42:36 2016"
"1140","Sutherland Asset Management Cor","N/A","N/A","Tue Nov 15 06:42:36 2016"
"1141","Sun Life Financial Inc. Common ","N/A","N/A","Tue Nov 15 06:42:36 2016"
"1142","SL Green Realty Corporation Com","N/A","N/A","Tue Nov 15 06:42:36 2016"
"1144","Solar Capital Ltd. 6.75% Senior","N/A","N/A","Tue Nov 15 06:42:36 2016"
"1145","Scorpio Bulkers Inc. 7.50% Seni","N/A","N/A","Tue Nov 15 06:42:36 2016"
"1146","Silver Wheaton Corp Common Shar","N/A","N/A","Tue Nov 15 06:42:36 2016"
"1147","SM Energy Company Common Stock","N/A","N/A","Tue Nov 15 06:42:36 2016"
"1148","Sumitomo Mitsui Financial Group","N/A","N/A","Tue Nov 15 06:42:36 2016"
"1149","Scotts Miracle-Gro Company (The","N/A","N/A","Tue Nov 15 06:42:36 2016"
"1150","Semiconductor  Manufacturing In","N/A","N/A","Tue Nov 15 06:42:36 2016"
"1151","Summit Midstream Partners, LP C","N/A","N/A","Tue Nov 15 06:42:36 2016"
"1152","Salient Midstream Common Shares","N/A","N/A","Tue Nov 15 06:42:36 2016"
"1153","Standard Motor Products, Inc. C","N/A","N/A","Tue Nov 15 06:42:36 2016"
"1154","Sanchez Energy Corporation Comm","N/A","N/A","Tue Nov 15 06:42:36 2016"
"1155","Snap-On Incorporated Common Sto","N/A","N/A","Tue Nov 15 06:42:36 2016"
"1156","Sony Corporation Common Stock","N/A","N/A","Tue Nov 15 06:42:36 2016"
"1157","Smith & Nephew SNATS, Inc. Comm","N/A","N/A","Tue Nov 15 06:42:36 2016"
"1158","Intrawest Resorts Holdings, Inc","N/A","N/A","Tue Nov 15 06:42:36 2016"
"1159","China Petroleum & Chemical Corp","N/A","N/A","Tue Nov 15 06:42:36 2016"
"1160","New Senior Investment Group Inc","N/A","N/A","Tue Nov 15 06:42:36 2016"
"1161","Synovus Financial Corp. Common ","N/A","N/A","Tue Nov 15 06:42:36 2016"
"1163","Synnex Corporation Common Stock","N/A","N/A","Tue Nov 15 06:42:36 2016"
"1164","Sanofi American Depositary Shar","N/A","N/A","Tue Nov 15 06:42:36 2016"
"1165","Southern Company (The) Common S","N/A","N/A","Tue Nov 15 06:42:36 2016"
"1166","Southern Company (The) Series 2","N/A","N/A","Tue Nov 15 06:42:36 2016"
"1167","Southern Company (The) Series 2","N/A","N/A","Tue Nov 15 06:42:36 2016"
"1168","Renesola Ltd. Common Shares of ","N/A","N/A","Tue Nov 15 06:42:36 2016"
"1169","Sonoco Products Company Common ","N/A","N/A","Tue Nov 15 06:42:36 2016"
"1170","Source Capital, Inc. Common Sto","N/A","N/A","Tue Nov 15 06:42:36 2016"
"1172","Sparton Corporation Common Stoc","N/A","N/A","Tue Nov 15 06:42:36 2016"
"1173","Spectrum Brands Holdings, Inc. ","N/A","N/A","Tue Nov 15 06:42:36 2016"
"1174","Special Opportunities Fund, Inc","N/A","N/A","Tue Nov 15 06:42:36 2016"
"1176","Simon Property Group, Inc. Comm","N/A","N/A","Tue Nov 15 06:42:36 2016"
"1178","S&P Global Inc. Common Stock","N/A","N/A","Tue Nov 15 06:42:36 2016"
"1179","Suburban Propane Partners, L.P.","N/A","N/A","Tue Nov 15 06:42:36 2016"
"1180","Steel Partners Holdings LP LTD ","N/A","N/A","Tue Nov 15 06:42:36 2016"
"1181","Superior Energy Services, Inc. ","N/A","N/A","Tue Nov 15 06:42:36 2016"
"1182","Spirit Aerosystems Holdings, In","N/A","N/A","Tue Nov 15 06:42:36 2016"
"1183","SPX Corporation Common Stock","N/A","N/A","Tue Nov 15 06:42:36 2016"
"1184","Nuveen S&P 500 Dynamic Overwrit","N/A","N/A","Tue Nov 15 06:42:36 2016"
"1185","Square, Inc. Class A Common Sto","N/A","N/A","Tue Nov 15 06:42:36 2016"
"1186","Sociedad Quimica y Minera S.A. ","N/A","N/A","Tue Nov 15 06:42:36 2016"
"1187","Sequans Communications S.A. Ame","N/A","N/A","Tue Nov 15 06:42:36 2016"
"1188","Spire Inc. Common Stock","N/A","N/A","Tue Nov 15 06:42:36 2016"
"1189","Spirit Realty Capital, Inc. Com","N/A","N/A","Tue Nov 15 06:42:36 2016"
"1190","Sempra Energy Common Stock","N/A","N/A","Tue Nov 15 06:42:36 2016"
"1191","Cushing Energy Income Fund Comm","N/A","N/A","Tue Nov 15 06:42:36 2016"
"1192","Seritage Growth Properties Clas","N/A","N/A","Tue Nov 15 06:42:36 2016"
"1193","Stoneridge, Inc. Common Stock","N/A","N/A","Tue Nov 15 06:42:36 2016"
"1194","Sprague Resources LP Common Uni","N/A","N/A","Tue Nov 15 06:42:36 2016"
"1195","StarTek, Inc. Common Stock","N/A","N/A","Tue Nov 15 06:42:36 2016"
"1196","The Cushing MLP Total Return Fu","N/A","N/A","Tue Nov 15 06:42:36 2016"
"1197","Simpson Manufacturing Company, ","N/A","N/A","Tue Nov 15 06:42:36 2016"
"1198","Stage Stores, Inc. Common Stock","N/A","N/A","Tue Nov 15 06:42:36 2016"
"1199","Sasol Ltd. American Depositary ","N/A","N/A","Tue Nov 15 06:42:36 2016"
"1200","Silver Spring Networks, Inc. Co","N/A","N/A","Tue Nov 15 06:42:36 2016"
"1201","E.W. Scripps Company (The) Comm","N/A","N/A","Tue Nov 15 06:42:36 2016"
"1202","Shutterstock, Inc. Common Stock","N/A","N/A","Tue Nov 15 06:42:36 2016"
"1203","Seaspan Corporation Seaspan Cor","N/A","N/A","Tue Nov 15 06:42:36 2016"
"1208","Seaspan Corporation 6.375% Note","N/A","N/A","Tue Nov 15 06:42:36 2016"
"1209","Sensata Technologies Holding N.","N/A","N/A","Tue Nov 15 06:42:36 2016"
"1217","Stag Industrial, Inc. Common St","N/A","N/A","Tue Nov 15 06:42:36 2016"
"1218","iStar Inc. Common Stock","N/A","N/A","Tue Nov 15 06:42:36 2016"
"1219","Extended Stay America, Inc. Com","N/A","N/A","Tue Nov 15 06:42:36 2016"
"1220","Stewart Information Services Co","N/A","N/A","Tue Nov 15 06:42:36 2016"
"1221","STERIS plc Ordinary Shares","N/A","N/A","Tue Nov 15 06:42:36 2016"
"1222","SunTrust Banks, Inc. Common Sto","N/A","N/A","Tue Nov 15 06:42:36 2016"
"1227","St. Jude Medical, Inc. Common S","N/A","N/A","Tue Nov 15 06:42:36 2016"
"1228","Columbia Seligman Premium Techn","N/A","N/A","Tue Nov 15 06:42:36 2016"
"1229","Sterling Bancorp","N/A","N/A","Tue Nov 15 06:42:36 2016"
"1230","STMicroelectronics N.V. Common ","N/A","N/A","Tue Nov 15 06:42:36 2016"
"1231","Stantec Inc Common Stock","N/A","N/A","Tue Nov 15 06:42:36 2016"
"1232","Scorpio Tankers Inc. Common Sha","N/A","N/A","Tue Nov 15 06:42:36 2016"
"1233","Statoil ASA","N/A","N/A","Tue Nov 15 06:42:36 2016"
"1234","StoneMor Partners L.P. Common U","N/A","N/A","Tue Nov 15 06:42:36 2016"
"1235","STORE Capital Corporation Commo","N/A","N/A","Tue Nov 15 06:42:36 2016"
"1236","State Street Corporation Common","N/A","N/A","Tue Nov 15 06:42:36 2016"
"1241","China Digital TV Holding Co., L","N/A","N/A","Tue Nov 15 06:42:36 2016"
"1242","STARWOOD PROPERTY TRUST, INC. S","N/A","N/A","Tue Nov 15 06:42:36 2016"
"1243","Constellation Brands, Inc. Comm","N/A","N/A","Tue Nov 15 06:42:36 2016"
"1245","Suncor Energy  Inc. Common Stoc","N/A","N/A","Tue Nov 15 06:42:36 2016"
"1246","Sun Communities, Inc. Common St","N/A","N/A","Tue Nov 15 06:42:36 2016"
"1248","Summit Materials, Inc. Class A ","N/A","N/A","Tue Nov 15 06:42:36 2016"
"1249","Sunoco LP Common Units represen","N/A","N/A","Tue Nov 15 06:42:36 2016"
"1250","Superior Industries Internation","N/A","N/A","Tue Nov 15 06:42:36 2016"
"1251","Grupo Supervielle S.A. American","N/A","N/A","Tue Nov 15 06:42:36 2016"
"1252","SuperValu Inc. Common Stock","N/A","N/A","Tue Nov 15 06:42:36 2016"
"1253","Stillwater Mining Company Commo","N/A","N/A","Tue Nov 15 06:42:36 2016"
"1254","Swift Transportation Company Cl","N/A","N/A","Tue Nov 15 06:42:36 2016"
"1255","Stanley Black & Decker, Inc. Co","N/A","N/A","Tue Nov 15 06:42:36 2016"
"1256","Stanley Black & Decker, Inc. 5.","N/A","N/A","Tue Nov 15 06:42:36 2016"
"1257","Stanley Black & Decker, Inc. Co","N/A","N/A","Tue Nov 15 06:42:36 2016"
"1258","Schweitzer-Mauduit Internationa","N/A","N/A","Tue Nov 15 06:42:36 2016"
"1259","Southwestern Energy Company Com","N/A","N/A","Tue Nov 15 06:42:36 2016"
"1260","Southwestern Energy Company Dep","N/A","N/A","Tue Nov 15 06:42:36 2016"
"1261","Southwest Gas Corporation Commo","N/A","N/A","Tue Nov 15 06:42:36 2016"
"1262","Swiss Helvetia Fund, Inc. (The)","N/A","N/A","Tue Nov 15 06:42:36 2016"
"1263","SunCoke Energy, Inc. Common Sto","N/A","N/A","Tue Nov 15 06:42:36 2016"
"1264","SunCoke Energy Partners, L.P. C","N/A","N/A","Tue Nov 15 06:42:36 2016"
"1265","Southcross Energy Partners, L.P","N/A","N/A","Tue Nov 15 06:42:36 2016"
"1266","Standex International Corporati","N/A","N/A","Tue Nov 15 06:42:36 2016"
"1267","Sunoco Logistics Partners LP Co","N/A","N/A","Tue Nov 15 06:42:36 2016"
"1268","Sensient Technologies Corporati","N/A","N/A","Tue Nov 15 06:42:36 2016"
"1269","Synchrony Financial Common Stoc","N/A","N/A","Tue Nov 15 06:42:36 2016"
"1270","Stryker Corporation Common Stoc","N/A","N/A","Tue Nov 15 06:42:36 2016"
"1271","Syngenta AG Common Stock","N/A","N/A","Tue Nov 15 06:42:36 2016"
"1272","Systemax Inc. Common Stock","N/A","N/A","Tue Nov 15 06:42:36 2016"
"1273","Sysco Corporation Common Stock","N/A","N/A","Tue Nov 15 06:42:36 2016"
"1274","Cushing Renaissance Fund (The) ","N/A","N/A","Tue Nov 15 06:42:36 2016"
"1275","AT&T Inc.","N/A","N/A","Tue Nov 15 06:42:36 2016"
"1276","TransAlta Corporation Ordinary ","N/A","N/A","Tue Nov 15 06:42:36 2016"
"1277","Tahoe Resources, Inc. Ordinary ","N/A","N/A","Tue Nov 15 06:42:36 2016"
"1278","Molson Coors Brewing Company Cl","N/A","N/A","Tue Nov 15 06:42:36 2016"
"1280","Taro Pharmaceutical Industries ","N/A","N/A","Tue Nov 15 06:42:36 2016"
"1281","TrueBlue, Inc. Common Stock","N/A","N/A","Tue Nov 15 06:42:36 2016"
"1282","Triangle Capital Corporation Co","N/A","N/A","Tue Nov 15 06:42:36 2016"
"1283","TCF Financial Corporation Commo","N/A","N/A","Tue Nov 15 06:42:36 2016"
"1287","Triangle Capital Corporation 6.","N/A","N/A","Tue Nov 15 06:42:36 2016"
"1288","Triangle Capital Corporation 6.","N/A","N/A","Tue Nov 15 06:42:36 2016"
"1289","Transcontinental Realty Investo","N/A","N/A","Tue Nov 15 06:42:36 2016"
"1290","Teck Resources Ltd Ordinary Sha","N/A","N/A","Tue Nov 15 06:42:36 2016"
"1291","Taubman Centers, Inc. Common St","N/A","N/A","Tue Nov 15 06:42:36 2016"
"1294","TC PipeLines, LP Common Units r","N/A","N/A","Tue Nov 15 06:42:36 2016"
"1295","TCP International Holdings Ltd.","N/A","N/A","Tue Nov 15 06:42:36 2016"
"1296","THL Credit, Inc. 6.75% Notes du","N/A","N/A","Tue Nov 15 06:42:36 2016"
"1297","THL Credit, Inc. 6.75% Notes du","N/A","N/A","Tue Nov 15 06:42:36 2016"
"1298","Container Store (The) Common St","N/A","N/A","Tue Nov 15 06:42:36 2016"
"1299","Toronto Dominion Bank (The) Com","N/A","N/A","Tue Nov 15 06:42:36 2016"
"1300","Telephone and Data Systems, Inc","N/A","N/A","Tue Nov 15 06:42:36 2016"
"1301","Teradata Corporation Common Sto","N/A","N/A","Tue Nov 15 06:42:36 2016"
"1302","Telephone and Data Systems, Inc","N/A","N/A","Tue Nov 15 06:42:36 2016"
"1303","Templeton Dragon Fund, Inc. Com","N/A","N/A","Tue Nov 15 06:42:36 2016"
"1304","Transdigm Group Incorporated Tr","N/A","N/A","Tue Nov 15 06:42:36 2016"
"1305","Telephone and Data Systems, Inc","N/A","N/A","Tue Nov 15 06:42:36 2016"
"1306","Telephone and Data Systems, Inc","N/A","N/A","Tue Nov 15 06:42:36 2016"
"1307","Teladoc, Inc. Common Stock","N/A","N/A","Tue Nov 15 06:42:36 2016"
"1308","Telephone and Data Systems, Inc","N/A","N/A","Tue Nov 15 06:42:36 2016"
"1309","Tidewater Inc. Common Stock","N/A","N/A","Tue Nov 15 06:42:36 2016"
"1310","Teledyne Technologies Incorpora","N/A","N/A","Tue Nov 15 06:42:36 2016"
"1311","Telefonica SA Common Stock","N/A","N/A","Tue Nov 15 06:42:36 2016"
"1312","Tallgrass Energy GP, LP Class A","N/A","N/A","Tue Nov 15 06:42:36 2016"
"1313","Templeton Emerging Markets Inco","N/A","N/A","Tue Nov 15 06:42:36 2016"
"1314","TE Connectivity Ltd. New Switze","N/A","N/A","Tue Nov 15 06:42:36 2016"
"1315","Tenneco Inc. Common Stock","N/A","N/A","Tue Nov 15 06:42:36 2016"
"1316","Telecom Argentina SA","N/A","N/A","Tue Nov 15 06:42:36 2016"
"1317","Tallgrass Energy Partners, LP C","N/A","N/A","Tue Nov 15 06:42:36 2016"
"1318","Teradyne, Inc. Common Stock","N/A","N/A","Tue Nov 15 06:42:36 2016"
"1319","Teva Pharmaceutical Industries ","N/A","N/A","Tue Nov 15 06:42:36 2016"
"1320","Terex Corporation Common Stock","N/A","N/A","Tue Nov 15 06:42:36 2016"
"1321","Teleflex Incorporated Common St","N/A","N/A","Tue Nov 15 06:42:36 2016"
"1322","Tredegar Corporation Common Sto","N/A","N/A","Tue Nov 15 06:42:36 2016"
"1323","Textainer Group Holdings Limite","N/A","N/A","Tue Nov 15 06:42:36 2016"
"1324","Triumph Group, Inc. Common Stoc","N/A","N/A","Tue Nov 15 06:42:36 2016"
"1325","TEGNA Inc","N/A","N/A","Tue Nov 15 06:42:36 2016"
"1326","Teekay LNG Partners L.P.","N/A","N/A","Tue Nov 15 06:42:36 2016"
"1327","Transportadora de Gas del Sur S","N/A","N/A","Tue Nov 15 06:42:36 2016"
"1328","Target Corporation Common Stock","N/A","N/A","Tue Nov 15 06:42:36 2016"
"1329","Tenet Healthcare Corporation Co","N/A","N/A","Tue Nov 15 06:42:36 2016"
"1330","Hanover Insurance Group Inc","N/A","N/A","Tue Nov 15 06:42:36 2016"
"1331","The Hanover Insurance Group, In","N/A","N/A","Tue Nov 15 06:42:36 2016"
"1332","Thor Industries, Inc. Common St","N/A","N/A","Tue Nov 15 06:42:36 2016"
"1333","Tekla Healthcare Opportunies Fu","N/A","N/A","Tue Nov 15 06:42:36 2016"
"1334","Thermon Group Holdings, Inc. Co","N/A","N/A","Tue Nov 15 06:42:36 2016"
"1335","Treehouse Foods, Inc. Common St","N/A","N/A","Tue Nov 15 06:42:36 2016"
"1336","Tekla World Healthcare Fund Sha","N/A","N/A","Tue Nov 15 06:42:36 2016"
"1337","Telecom Italia S.P.A. New","N/A","N/A","Tue Nov 15 06:42:36 2016"
"1339","TIER REIT, Inc. Common Stock","N/A","N/A","Tue Nov 15 06:42:36 2016"
"1340","Tiffany & Co. Common Stock","N/A","N/A","Tue Nov 15 06:42:36 2016"
"1341","Time Inc. Common Stock","N/A","N/A","Tue Nov 15 06:42:36 2016"
"1342","Team, Inc. Common Stock","N/A","N/A","Tue Nov 15 06:42:36 2016"
"1343","TJX Companies, Inc. (The) Commo","N/A","N/A","Tue Nov 15 06:42:36 2016"
"1344","Teekay Corporation Common Stock","N/A","N/A","Tue Nov 15 06:42:36 2016"
"1345","Turkcell Iletisim Hizmetleri AS","N/A","N/A","Tue Nov 15 06:42:36 2016"
"1346","Turkish Investment Fund, Inc. (","N/A","N/A","Tue Nov 15 06:42:36 2016"
"1347","Timken Company (The) Common Sto","N/A","N/A","Tue Nov 15 06:42:36 2016"
"1348","Western Asset Corporate Loan Fu","N/A","N/A","Tue Nov 15 06:42:36 2016"
"1349","PT Telekomunikasi Indonesia, Tb","N/A","N/A","Tue Nov 15 06:42:36 2016"
"1350","Tesoro Logistics LP Common Unit","N/A","N/A","Tue Nov 15 06:42:36 2016"
"1351","Talen Energy Corporation Common","N/A","N/A","Tue Nov 15 06:42:36 2016"
"1352","TransMontaigne Partners L.P. Tr","N/A","N/A","Tue Nov 15 06:42:36 2016"
"1353","Tailored Brands, Inc. Common St","N/A","N/A","Tue Nov 15 06:42:36 2016"
"1354","Tilly's, Inc. Common Stock","N/A","N/A","Tue Nov 15 06:42:36 2016"
"1355","Zhaopin Limited American Deposi","N/A","N/A","Tue Nov 15 06:42:36 2016"
"1356","ZTO Express (Cayman) Inc. Ameri","N/A","N/A","Tue Nov 15 06:42:36 2016"
"1357","Virtus Global Dividend & Income","N/A","N/A","Tue Nov 15 06:42:36 2016"
"1358","Zoetis Inc. Class A Common Stoc","N/A","N/A","Tue Nov 15 06:42:36 2016"
"1359","China Zenix Auto International ","N/A","N/A","Tue Nov 15 06:42:36 2016"
